Date ,Crop ,Trt,Plot,Split ,Family ,Genus ,Species ,Adult/ Juvenile ,,Project: ,CE2 corn Pitfalls
tbd ,bean ,,203,1,Lycosidae,Pardosa,na,adult ,,,
tbd ,bean ,,203,1,Liniphiide,na,na,adult,,,
tbd ,bean ,,203,1,Opiliones,na,na,adult,,,
tbd ,bean ,,203,1,Opiliones,na,na,adult,,,
tbd ,bean ,,203,1,Opiliones,na,na,juvenile,,,
tbd ,bean ,,203,1,Opiliones,na,na,juvenile,,,
tbd ,bean ,,203,1,Opiliones,na,na,juvenile,,,
tbd ,bean ,,203,1,Opiliones,na,na,juvenile,,,
tbd ,bean ,,203,1,Opiliones,na,na,juvenile,,,
tbd ,bean ,,203,1,Opiliones,na,na,juvenile,,,
tbd ,bean ,,202,1,Carabidae,Poecilus,lucublandus,adult,,,
tbd ,bean ,,202,1,Carabidae ,Poecilus ,lucublandus ,adult,,,
tbd ,bean ,,202,1,Carabidae ,Poecilus ,lucublandus ,adult,,,
tbd ,bean ,,202,1,Carabidae ,Poecilus ,lucublandus ,adult,,,
tbd ,bean ,,202,1,Carabidae ,Poecilus ,lucublandus ,adult,,,
tbd ,bean ,,202,1,Carabidae,Chlaenius,tricolor,adult,,,
tbd ,bean ,,202,1,Carabidae,Chlaenius,tricolor,adult,,,
tbd ,bean ,,202,1,Lycosidae,Pardosa,na,adult,,,
tbd ,bean ,,202,1,Lycosidae,Pardosa,na,adult,,,
tbd ,bean ,,202,1,Lycosidae,Schizocosa,na,adult,,,
tbd ,bean ,,202,1,Linyphiidae,na,na,adult,,,
tbd ,bean ,,202,1,Opiliones,na,na,adult,,,
tbd ,bean ,,202,1,Opiliones,na,na,adult,,,
tbd ,bean ,,202,1,Opiliones,na,na,adult,,,
tbd ,bean ,,202,1,Opiliones,na,na,juvenile,,,
tbd ,bean ,,202,1,Opiliones,na,na,juvenile,,,
tbd ,bean ,,202,1,Opiliones,na,na,juvenile,,,
tbd ,bean ,,202,1,Opiliones,na,na,juvenile,,,
tbd ,bean ,,202,1,Carabidae,Amara,na,adult,,,
tbd ,bean ,,202,1,Opiliones,na,na,juvenile,,,
tbd ,bean ,,403,1,Linyphiidae,na,na,adult,,,
tbd ,bean ,,403,1,Lycosidae,Pardosa,na,adult,,,
tbd ,bean ,,403,1,Staphylinidae,na,na,adult,,,
tbd ,bean ,,403,1,Carabidae,Poecilus,lucublandus,adult,,,
tbd ,bean ,,403,1,Opiliones,na,na,adult,,,
tbd ,bean ,,403,1,Opiliones,na,na,adult,,,
tbd ,bean ,,403,1,Opiliones,na,na,juvenile,,,
tbd ,bean ,,403,1,Opiliones,na,na,juvenile,,,
tbd ,bean ,,403,1,Opiliones,na,na,juvenile,,,
tbd ,bean ,,403,1,Opiliones,na,na,juvenile,,,
tbd ,bean ,,403,1,Opiliones,na,na,juvenile,,,
tbd ,bean ,,304,1,Lycosidae,Pardosa,na,adult,,,
tbd ,bean ,,304,1,Lycosidae,Pardosa,na,adult,,,
tbd ,bean ,,304,1,Lycosidae,Pardosa,na,adult,,,
tbd ,bean ,,304,1,Lycosidae,Pardosa,na,adult,,,
tbd ,bean ,,304,1,Lycosidae,Schizocosa,na,adult,,,
tbd ,bean ,,304,1,Elateridae,na,na,adult,,,
tbd ,bean ,,304,1,Opiliones,na,na,adult,,,
tbd ,bean ,,304,1,Opiliones,na,na,adult,,,
tbd ,bean ,,304,1,Opiliones,na,na,adult,,,
tbd ,bean ,,304,1,Opiliones,na,na,adult,,,
tbd ,bean ,,304,1,Opiliones,na,na,adult,,,
tbd ,bean ,,304,1,Opiliones,na,na,juvenile,,,
tbd ,bean ,,304,1,Opiliones,na,na,juvenile,,,
tbd ,bean ,,304,1,Opiliones,na,na,juvenile,,,
tbd ,bean ,,304,1,Opiliones,na,na,juvenile,,,
tbd ,bean ,,304,1,Opiliones,na,na,juvenile,,,
tbd ,bean ,,304,1,Opiliones,na,na,juvenile,,,
tbd ,bean ,,304,1,Opiliones,na,na,juvenile,,,
tbd ,bean ,,304,1,Opiliones,na,na,juvenile,,,
tbd ,bean ,,304,2,Lycosidae,Pardosa,na,adult,,,
tbd ,bean ,,304,2,Staphylinidae,na,na,adult,,,
tbd ,bean ,,304,2,Elateridae,na,na,adult,,,
tbd ,bean ,,304,2,Opiliones,na,na,adult,,,
tbd ,bean ,,304,2,Opiliones,na,na,adult,,,
tbd ,bean ,,304,2,Opiliones,na,na,adult,,,
tbd ,bean ,,304,2,Opiliones,na,na,juvenile,,,
tbd ,bean ,,304,2,Opiliones,na,na,juvenile,,,
tbd ,bean ,,304,2,Opiliones,na,na,juvenile,,,
tbd ,bean ,,304,2,Opiliones,na,na,juvenile,,,
tbd ,bean ,,304,2,Opiliones,na,na,juvenile,,,
tbd ,bean ,,304,2,Opiliones,na,na,juvenile,,,
tbd ,bean ,,304,2,Opiliones,na,na,juvenile,,,
tbd ,bean ,,304,2,Opiliones,na,na,juvenile,,,
tbd ,bean ,,304,2,Opiliones,na,na,juvenile,,,
tbd ,bean ,,304,2,Opiliones,na,na,juvenile,,,
tbd ,bean ,,304,2,Opiliones,na,na,juvenile,,,
tbd ,bean ,,304,2,Carabidae,Badister,na,adult,,,
tbd ,bean ,,501,2,Lycosidae,Pardosa,na,adult,,,
tbd ,bean ,,501,2,Lycosidae,Pardosa,na,adult,,,
tbd ,bean ,,501,2,Lycosidae,Pardosa,na,adult,,,
tbd ,bean ,,501,2,Lycosidae,Pardosa,na,adult,,,
tbd ,bean ,,501,2,Lycosidae,Pardosa,na,juvenile,,,
tbd ,bean ,,501,2,Lycosidae,Pardosa,na,adult,,,
tbd ,bean ,,501,2,Opiliones,na,na,adult,,,
tbd ,bean ,,501,2,Opiliones,na,na,adult,,,
tbd ,bean ,,501,2,Opiliones,na,na,juvenile,,,
tbd ,bean ,,501,2,Opiliones,na,na,juvenile,,,
tbd ,bean ,,501,2,Opiliones,na,na,juvenile,,,
tbd ,bean ,,501,2,Opiliones,na,na,juvenile,,,
tbd ,bean ,,103,2,Lycosidae,Pardosa,na,adult,,,
tbd ,bean ,,103,2,Staphylinidae,na,na,adult,,,
tbd ,bean ,,103,2,Opiliones,na,na,adult,,,
tbd ,bean ,,103,2,Opiliones,na,na,juvenile,,,
tbd ,bean ,,103,2,Gnaphosidae,na,na,adult,,,
tbd ,bean ,,103,1,Lycosidae,Schizocosa,na,adult,,,
tbd ,bean ,,103,1,Opiliones,na,na,adult,,,
tbd ,bean ,,103,1,Opiliones,na,na,adult,,,
tbd ,bean ,,103,1,Opiliones,na,na,adult,,,
tbd ,bean ,,103,1,Opiliones,na,na,adult,,,
tbd ,bean ,,103,1,Opiliones,na,na,juvenile,,,
tbd ,bean ,,103,1,Opiliones,na,na,juvenile,,,
tbd ,bean ,,103,1,Opiliones,na,na,juvenile,,,
tbd ,bean ,,103,1,Opiliones,na,na,juvenile,,,
tbd ,bean ,,103,1,Opiliones,na,na,juvenile,,,
tbd ,bean ,,103,1,Opiliones,na,na,juvenile,,,
tbd ,bean ,,103,1,Opiliones,na,na,juvenile,,,
tbd ,bean ,,103,1,Opiliones,na,na,juvenile,,,
tbd ,bean ,,402,2,Carabidae,Poecilus,lucublandus,adult,,,
tbd ,bean ,,402,2,Lycosidae,Pardosa,na,adult,,,
tbd ,bean ,,402,2,Lycosidae,Schizocosa,na,adult,,,
tbd ,bean ,,402,2,Lycosidae,Schizocosa,na,adult,,,
tbd ,bean ,,402,2,Lycosidae,Allocosa,na,adult,,,
tbd ,bean ,,402,2,Opiliones,na,na,adult,,,
tbd ,bean ,,402,2,Opiliones,na,na,adult,,,
tbd ,bean ,,402,2,Opiliones,na,na,adult,,,
tbd ,bean ,,402,2,Opiliones,na,na,adult,,,
tbd ,bean ,,402,2,Opiliones,na,na,juvenile,,,
tbd ,bean ,,402,2,Opiliones,na,na,juvenile,,,
tbd ,bean ,,402,2,Opiliones,na,na,juvenile,,,
tbd ,bean ,,402,2,Opiliones,na,na,juvenile,,,
tbd ,bean ,,402,2,Opiliones,na,na,juvenile,,,
tbd ,bean ,,402,2,Opiliones,na,na,juvenile,,,
tbd ,bean ,,402,2,Opiliones,na,na,juvenile,,,
tbd ,bean ,,402,2,Opiliones,na,na,juvenile,,,
tbd ,bean ,,402,2,Opiliones,na,na,juvenile,,,
tbd ,bean ,,402,2,Opiliones,na,na,juvenile,,,
tbd ,bean ,,402,2,Opiliones,na,na,juvenile,,,
tbd ,bean ,,102,2,Lycosidae,Pardosa,na,adult,,,
tbd ,bean ,,102,2,Lycosidae,Pardosa,na,adult,,,
tbd ,bean ,,102,2,Carabidae,Poecilus,lucublandus,adult,,,
tbd ,bean ,,102,2,Carabidae,Poecilus,lucublandus,adult,,,
tbd ,bean ,,102,2,Elateridae,na,na,adult,,,
tbd ,bean ,,102,2,Elateridae,na,na,adult,,,
tbd ,bean ,,102,2,Formicidae,na,na,adult,,,
tbd ,bean ,,102,2,Opiliones,na,na,adult,,,
tbd ,bean ,,102,2,Opiliones,na,na,adult,,,
tbd ,bean ,,102,2,Opiliones,na,na,juvenile,,,
tbd ,bean ,,102,2,Opiliones,na,na,juvenile,,,
tbd ,bean ,,102,2,Opiliones,na,na,juvenile,,,
tbd ,bean ,,102,2,Opiliones,na,na,juvenile,,,
tbd ,bean ,,102,2,Opiliones,na,na,juvenile,,,
tbd ,bean ,,102,2,Opiliones,na,na,juvenile,,,
tbd ,bean ,,102,2,Opiliones,na,na,juvenile,,,
tbd ,bean ,,102,2,Opiliones,na,na,juvenile,,,
tbd ,bean ,,102,2,Opiliones,na,na,juvenile,,,
tbd ,bean ,,102,2,Opiliones,na,na,juvenile,,,
tbd ,bean ,,102,2,Opiliones,na,na,juvenile,,,
tbd ,bean ,,102,2,Opiliones,na,na,juvenile,,,
tbd ,bean ,,504,1,Carabidae,Poecilus,lucublandus,adult,,,
tbd ,bean ,,504,1,Lycosidae,Pardosa,na,adult,,,
tbd ,bean ,,504,1,Lycosidae,na,na,juvenile,,,
tbd ,bean ,,504,1,Lycosidae,na,na,juvenile,,,
tbd ,bean ,,504,1,Lycosidae,na,na,juvenile,,,
tbd ,bean ,,504,1,Lycosidae,na,na,juvenile,,,
tbd ,bean ,,504,1,Lycosidae,na,na,juvenile,,,
tbd ,bean ,,504,1,Lycosidae,na,na,juvenile,,,
tbd ,bean ,,504,1,Lycosidae,na,na,juvenile,,,
tbd ,bean ,,504,1,Lycosidae,na,na,juvenile,,,
tbd ,bean ,,504,1,Lycosidae,na,na,juvenile,,,
tbd ,bean ,,504,1,Lycosidae,na,na,juvenile,,,
tbd ,bean ,,504,1,Lycosidae,na,na,juvenile,,,
tbd ,bean ,,504,1,Lycosidae,na,na,juvenile,,,
tbd ,bean ,,504,1,Lycosidae,na,na,juvenile,,,
tbd ,bean ,,504,1,Lycosidae,na,na,juvenile,,,
tbd ,bean ,,504,1,Lycosidae,na,na,juvenile,,,
tbd ,bean ,,504,1,Lycosidae,na,na,juvenile,,,
tbd ,bean ,,504,1,Lycosidae,na,na,juvenile,,,
tbd ,bean ,,504,1,Lycosidae,na,na,juvenile,,,
tbd ,bean ,,504,1,Formicidae,na,na,adult,,,
tbd ,bean ,,504,1,Formicidae,na,na,adult,,,
tbd ,bean ,,504,1,Formicidae,na,na,adult,,,
tbd ,bean ,,504,1,Formicidae,na,na,adult,,,
tbd ,bean ,,504,1,Opiliones,na,na,adult,,,
tbd ,bean ,,504,1,Opiliones,na,na,adult,,,
tbd ,bean ,,504,1,Opiliones,na,na,adult,,,
tbd ,bean ,,504,1,Opiliones,na,na,adult,,,
tbd ,bean ,,504,1,Opiliones,na,na,juvenile,,,
tbd ,bean ,,504,1,Opiliones,na,na,juvenile,,,
tbd ,bean ,,504,1,Opiliones,na,na,juvenile,,,
tbd ,bean ,,504,1,Opiliones,na,na,juvenile,,,
tbd ,bean ,,504,1,Opiliones,na,na,juvenile,,,
tbd ,bean ,,504,1,Opiliones,na,na,juvenile,,,
tbd ,bean ,,504,1,Opiliones,na,na,juvenile,,,
tbd ,bean ,,504,1,Opiliones,na,na,juvenile,,,
tbd ,bean ,,504,1,Opiliones,na,na,juvenile,,,
tbd ,bean ,,504,1,Opiliones,na,na,juvenile,,,
tbd ,bean ,,504,1,Opiliones,na,na,juvenile,,,
tbd ,bean ,,504,1,Opiliones,na,na,juvenile,,,
tbd ,bean ,,504,1,Lycosidae,Schizocosa,na,adult,,,
tbd ,bean ,,102,1,Lycosidae,Pardosa,na,adult,,,
tbd ,bean ,,102,1,Lycosidae,Pardosa,na,adult,,,
tbd ,bean ,,102,1,Carabidae,Chlaenius,tricolor,adult,,,
tbd ,bean ,,102,1,Formicidae,na,na,adult,,,
tbd ,bean ,,102,1,Opiliones,na,na,adult,,,
tbd ,bean ,,102,1,Opiliones,na,na,adult,,,
tbd ,bean ,,102,1,Opiliones,na,na,juvenile,,,
tbd ,bean ,,102,1,Opiliones,na,na,juvenile,,,
tbd ,bean ,,102,1,Opiliones,na,na,juvenile,,,
tbd ,bean ,,102,1,Opiliones,na,na,juvenile,,,
tbd ,bean ,,102,1,Opiliones,na,na,juvenile,,,
tbd ,bean ,,102,1,Opiliones,na,na,juvenile,,,
tbd ,bean ,,102,1,Opiliones,na,na,juvenile,,,
tbd ,bean ,,102,1,Opiliones,na,na,juvenile,,,
tbd ,bean ,,102,1,Opiliones,na,na,juvenile,,,
tbd ,bean ,,502,2,na,na,na,na,,,
tbd ,bean ,,504,2,Staphylinidae,na,na,adult,,,
tbd ,bean ,,504,2,Formicidae,na,na,adult,,,
tbd ,bean ,,504,2,Linyphiidae,na,na,adult,,,
tbd ,bean ,,504,2,Linyphiidae,na,na,adult,,,
tbd ,bean ,,504,2,Lycosidae,Pardosa,na,adult,,,
tbd ,bean ,,504,2,Lycosidae,Pardosa,na,adult,,,
tbd ,bean ,,504,2,Lycosidae,Pardosa,na,adult,,,
tbd ,bean ,,504,2,Lycosidae,Schizocosa,na,adult,,,
tbd ,bean ,,504,2,Opiliones,na,na,adult,,,
tbd ,bean ,,504,2,Opiliones,na,na,adult,,,
tbd ,bean ,,504,2,Opiliones,na,na,juvenile,,,
tbd ,bean ,,504,2,Opiliones,na,na,juvenile,,,
tbd ,bean ,,504,2,Opiliones,na,na,juvenile,,,
tbd ,bean ,,504,2,Opiliones,na,na,juvenile,,,
tbd ,bean ,,504,2,Opiliones,na,na,juvenile,,,
tbd ,bean ,,504,2,Opiliones,na,na,juvenile,,,
tbd ,bean ,,504,2,Opiliones,na,na,juvenile,,,
tbd ,bean ,,504,2,Opiliones,na,na,juvenile,,,
tbd ,bean ,,504,2,Opiliones,na,na,juvenile,,,
tbd ,bean ,,504,2,Opiliones,na,na,juvenile,,,
tbd ,bean ,,504,2,Opiliones,na,na,juvenile,,,
tbd ,bean ,,504,2,Opiliones,na,na,juvenile,,,
tbd ,bean ,,101,1,Elateridae,na,na,adult,,,
tbd ,bean ,,101,1,Elateridae,na,na,adult,,,
tbd ,bean ,,101,1,Elateridae,na,na,adult,,,
tbd ,bean ,,101,1,Elateridae,na,na,adult,,,
tbd ,bean ,,101,1,Elateridae,na,na,adult,,,
tbd ,bean ,,101,1,Carabidae,Poecilus,lucublandus,adult,,,
tbd ,bean ,,101,1,Carabidae,Poecilus,lucublandus,adult,,,
tbd ,bean ,,101,1,Lycosidae,Pardosa,na,adult,,,
tbd ,bean ,,101,1,Lycosidae,Pardosa,bcw,adult,,,
tbd ,bean ,,101,1,Lycosidae,Pardosa,taw,adult,,,
tbd ,bean ,,101,1,Lycosidae,Pardosa,slug,adult,,,
tbd ,bean ,,101,1,Lycosidae,Pardosa,sb,adult,,,
tbd ,bean ,,101,1,Lycosidae,Pardosa,other,adult,,,
tbd ,bean ,,101,1,Opiliones,na,na,juvenile,,,
tbd ,bean ,,101,1,Opiliones,na,na,juvenile,,,
tbd ,bean ,,101,1,Opiliones,na,na,juvenile,,,
tbd ,bean ,,101,1,Opiliones,na,na,juvenile,,,
tbd ,bean ,,101,1,Opiliones,na,na,juvenile,,,
tbd ,bean ,,101,1,Opiliones,na,na,juvenile,,,
tbd ,bean ,,101,1,Opiliones,na,na,juvenile,,,
tbd ,bean ,,101,1,Opiliones,na,na,juvenile,,,
tbd ,bean ,,503,2,Formicidae,na,na,adult,,,
tbd ,bean ,,503,2,Formicidae,na,na,adult,,,
tbd ,bean ,,503,2,Formicidae,na,na,adult,,,
tbd ,bean ,,503,2,Carabidae,Poecilus,lucublandus,adult,,,
tbd ,bean ,,503,2,Lycosidae,Pardosa,na,adult,,,
tbd ,bean ,,503,2,Formicidae,na,na,adult,,,
tbd ,bean ,,503,2,Opiliones,na,na,juvenile,,,
tbd ,bean ,,503,2,Opiliones,na,na,juvenile,,,
tbd ,bean ,,503,2,Opiliones,na,na,juvenile,,,
tbd ,bean ,,503,2,Opiliones,na,na,juvenile,,,
tbd ,bean ,,503,2,Opiliones,na,na,juvenile,,,
tbd ,bean ,,503,2,Opiliones,na,na,juvenile,,,
tbd ,bean ,,503,2,Opiliones,na,na,juvenile,,,
tbd ,bean ,,503,2,Carabidae,Poecilus,na,adult,,,
tbd ,bean ,,201,2,Lycosidae,Pardosa,na,adult,,,
tbd ,bean ,,201,2,Lycosidae,Pardosa,na,adult,,,
tbd ,bean ,,201,2,Lycosidae,Pardosa,na,adult,,,
tbd ,bean ,,201,2,Lycosidae,Pardosa,na,adult,,,
tbd ,bean ,,201,2,Lycosidae,Schizocosa,na,adult,,,
tbd ,bean ,,201,2,Lycosidae,Schizocosa,na,adult,,,
tbd ,bean ,,201,2,Carabidae,Chlaenius,tricolor,adult,,,
tbd ,bean ,,201,2,Elateridae,na,na,adult,,,
tbd ,bean ,,201,2,Formicidae,na,na,adult,,,
tbd ,bean ,,201,2,Linyphiidae,na,na,adult,,,
tbd ,bean ,,201,2,Opiliones,na,na,adult,,,
tbd ,bean ,,201,2,Opiliones,na,na,adult,,,
tbd ,bean ,,201,2,Opiliones,na,na,adult,,,
tbd ,bean ,,201,2,Opiliones,na,na,juvenile,,,
tbd ,bean ,,201,2,Opiliones,na,na,juvenile,,,
tbd ,bean ,,201,2,Opiliones,na,na,juvenile,,,
tbd ,bean ,,201,2,Opiliones,na,na,juvenile,,,
tbd ,bean ,,201,2,Opiliones,na,na,juvenile,,,
tbd ,bean ,,201,2,Opiliones,na,na,juvenile,,,
tbd ,bean ,,201,2,Opiliones,na,na,juvenile,,,
tbd ,bean ,,201,2,Opiliones,na,na,juvenile,,,
tbd ,bean ,,201,2,Opiliones,na,na,juvenile,,,
tbd ,bean ,,201,2,Opiliones,na,na,juvenile,,,
tbd ,bean ,,201,2,Opiliones,na,na,juvenile,,,
tbd ,bean ,,201,2,Opiliones,na,na,juvenile,,,
tbd ,bean ,,201,2,Opiliones,na,na,juvenile,,,
tbd ,bean ,,201,2,Opiliones,na,na,juvenile,,,
tbd ,bean ,,201,2,Opiliones,na,na,juvenile,,,
tbd ,bean ,,201,2,Opiliones,na,na,juvenile,,,
tbd ,bean ,,201,2,Opiliones,na,na,juvenile,,,
tbd ,bean ,,201,2,Opiliones,na,na,juvenile,,,
tbd ,bean ,,201,2,Opiliones,na,na,juvenile,,,
tbd ,bean ,,503,1,Lycosidae,Pardosa,na,adult,,,
tbd ,bean ,,503,1,Lycosidae,Pardosa,na,adult,,,
tbd ,bean ,,503,1,Lycosidae,Schizocosa,na,adult,,,
tbd ,bean ,,503,1,Lycosidae,Schizocosa,na,adult,,,
tbd ,bean ,,503,1,Staphylinidae,na,na,adult,,,
tbd ,bean ,,503,1,Staphylinidae,na,na,adult,,,
tbd ,bean ,,503,1,Elateridae,na,na,adult,,,
tbd ,bean ,,503,1,Opiliones,na,na,adult,,,
tbd ,bean ,,503,1,Opiliones,na,na,juvenile,,,
tbd ,bean ,,503,1,Opiliones,na,na,juvenile,,,
tbd ,bean ,,503,1,Opiliones,na,na,juvenile,,,
tbd ,bean ,,503,1,Opiliones,na,na,juvenile,,,
tbd ,bean ,,503,1,Opiliones,na,na,juvenile,,,
tbd ,bean ,,503,1,Opiliones,na,na,juvenile,,,
tbd ,bean ,,503,1,Opiliones,na,na,juvenile,,,
tbd ,bean ,,503,1,Opiliones,na,na,juvenile,,,
tbd ,bean ,,503,1,Opiliones,na,na,juvenile,,,
tbd ,bean ,,302,2,Lycosidae,Pardosa,na,adult,,,
tbd ,bean ,,302,2,Lycosidae,Pardosa,bcw,adult,,,
tbd ,bean ,,302,2,Lycosidae,Pardosa,taw,adult,,,
tbd ,bean ,,302,2,Lycosidae,Pardosa,slug,adult,,,
tbd ,bean ,,302,2,Lycosidae,Pardosa,sb,adult,,,
tbd ,bean ,,302,2,Lycosidae,Pardosa,other,adult,,,
tbd ,bean ,,302,2,Staphylinidae,na,na,adult,,,
tbd ,bean ,,302,2,Lycosidae,Schizocosa,na,adult,,,
tbd ,bean ,,302,2,Carabidae,Poecilus,lucublandus,adult,,,
tbd ,bean ,,302,2,Carabidae,Chlaenius,tricolor,adult,,,
tbd ,bean ,,302,2,Opiliones,na,na,juvenile,,,
tbd ,bean ,,302,2,Opiliones,na,na,juvenile,,,
tbd ,bean ,,302,2,Opiliones,na,na,juvenile,,,
tbd ,bean ,,302,2,Opiliones,na,na,juvenile,,,
tbd ,bean ,,302,2,Opiliones,na,na,juvenile,,,
tbd ,bean ,,302,2,Opiliones,na,na,juvenile,,,
tbd ,bean ,,302,2,Opiliones,na,na,juvenile,,,
tbd ,bean ,,302,2,Opiliones,na,na,juvenile,,,
tbd ,bean ,,302,2,Opiliones,na,na,juvenile,,,
tbd ,bean ,,401,1,Lycosidae,Pardosa,na,adult,,,
tbd ,bean ,,401,1,Linyphiidae,na,na,adult,,,
tbd ,bean ,,401,1,Carabidae,Poecilus,lucublandus,adult,,,
tbd ,bean ,,401,1,Opiliones,na,na,juvenile,,,
tbd ,bean ,,401,1,Opiliones,na,na,juvenile,,,
tbd ,bean ,,401,1,Opiliones,na,na,juvenile,,,
tbd ,bean ,,401,1,Opiliones,na,na,juvenile,,,
tbd ,bean ,,401,1,Opiliones,na,na,juvenile,,,
tbd ,bean ,,401,1,Opiliones,na,na,juvenile,,,
tbd ,bean ,,401,1,Opiliones,na,na,juvenile,,,
tbd ,bean ,,401,1,Opiliones,na,na,juvenile,,,
tbd ,bean ,,401,1,Opiliones,na,na,juvenile,,,
tbd ,bean ,,401,1,Opiliones,na,na,juvenile,,,
tbd ,bean ,,401,1,Opiliones,na,na,juvenile,,,
tbd ,bean ,,401,1,Opiliones,na,na,juvenile,,,
tbd ,bean ,,401,1,Opiliones,na,na,juvenile,,,
tbd ,bean ,,203,2,Lycosidae,Pardosa,na,adult,,,
tbd ,bean ,,203,2,Lycosidae,Pardosa,na,adult,,,
tbd ,bean ,,203,2,Lycosidae,Pardosa,na,adult,,,
tbd ,bean ,,203,2,Lycosidae,Schizocosa,na,adult,,,
tbd ,bean ,,203,2,Formicidae,na,na,adult,,,
tbd ,bean ,,203,2,Formicidae,na,na,adult,,,
tbd ,bean ,,203,2,Staphylinidae,na,na,adult,,,
tbd ,bean ,,203,2,Opiliones,na,na,adult,,,
tbd ,bean ,,203,2,Opiliones,na,na,adult,,,
tbd ,bean ,,203,2,Opiliones,na,na,adult,,,
tbd ,bean ,,203,2,Opiliones,na,na,adult,,,
tbd ,bean ,,203,2,Opiliones,na,na,adult,,,
tbd ,bean ,,203,2,Opiliones,na,na,juvenile,,,
tbd ,bean ,,203,2,Opiliones,na,na,juvenile,,,
tbd ,bean ,,203,2,Opiliones,na,na,juvenile,,,
tbd ,bean ,,203,2,Opiliones,na,na,juvenile,,,
tbd ,bean ,,203,2,Opiliones,na,na,juvenile,,,
tbd ,bean ,,203,2,Opiliones,na,na,juvenile,,,
tbd ,bean ,,203,2,Opiliones,na,na,juvenile,,,
tbd ,bean ,,203,2,Opiliones,na,na,juvenile,,,
tbd ,bean ,,203,2,Opiliones,na,na,juvenile,,,
tbd ,bean ,,203,2,Opiliones,na,na,juvenile,,,
tbd ,bean ,,203,2,Opiliones,na,na,juvenile,,,
tbd ,bean ,,203,2,Opiliones,na,na,juvenile,,,
tbd ,bean ,,203,2,Opiliones,na,na,juvenile,,,
tbd ,bean ,,203,2,Opiliones,na,na,juvenile,,,
tbd ,bean ,,203,2,Opiliones,na,na,juvenile,,,
tbd ,bean ,,404,2,Carabidae,Poecilus,lucublandus,adult,,,
tbd ,bean ,,404,2,Elateridae,na,na,adult,,,
tbd ,bean ,,404,2,Opiliones,na,na,juvenile,,,
tbd ,bean ,,404,2,Opiliones,na,na,juvenile,,,
tbd ,bean ,,404,2,Opiliones,na,na,juvenile,,,
tbd ,bean ,,404,2,Opiliones,na,na,juvenile,,,
tbd ,bean ,,404,2,Opiliones,na,na,juvenile,,,
tbd ,bean ,,404,2,Opiliones,na,na,juvenile,,,
tbd ,bean ,,404,2,Carabidae,Amara,na,adult,,,
tbd ,bean ,,401,2,Cicindelidae,Cicindelia ,sexguttata,adult,,,
tbd ,bean ,,401,2,Carabidae,Amara,na,adult,,,
tbd ,bean ,,401,2,Carabidae,Poecilus,lucublandus,adult,,,
tbd ,bean ,,401,2,Elateridae,na,na,adult,,,
tbd ,bean ,,401,2,Elateridae,na,na,adult,,,
tbd ,bean ,,401,2,Elateridae,na,na,adult,,,
tbd ,bean ,,401,2,Lycosidae,Pardosa,na,adult,,,
tbd ,bean ,,401,2,Linyphiidae,na,na,adult,,,
tbd ,bean ,,401,2,Linyphiidae,na,na,adult,,,
tbd ,bean ,,401,2,Linyphiidae,na,na,adult,,,
tbd ,bean ,,401,2,Opiliones,na,na,juvenile,,,
tbd ,bean ,,401,2,Opiliones,na,na,juvenile,,,
tbd ,bean ,,401,2,Opiliones,na,na,juvenile,,,
tbd ,bean ,,401,2,Opiliones,na,na,juvenile,,,
tbd ,bean ,,401,2,Opiliones,na,na,juvenile,,,
tbd ,bean ,,401,2,Opiliones,na,na,juvenile,,,
tbd ,bean ,,401,2,Opiliones,na,na,juvenile,,,
tbd ,bean ,,401,2,Opiliones,na,na,juvenile,,,
tbd ,bean ,,401,2,Opiliones,na,na,juvenile,,,
tbd ,bean ,,401,2,Opiliones,na,na,juvenile,,,
tbd ,bean ,,401,2,Opiliones,na,na,juvenile,,,
tbd ,bean ,,401,2,Opiliones,na,na,juvenile,,,
tbd ,bean ,,401,2,Opiliones,na,na,juvenile,,,
tbd ,bean ,,401,2,Opiliones,na,na,juvenile,,,
tbd ,bean ,,401,2,Opiliones,na,na,juvenile,,,
tbd ,bean ,,401,2,Opiliones,na,na,juvenile,,,
tbd ,bean ,,302,1,Lycosidae,Pardosa,na,adult,,,
tbd ,bean ,,302,1,Lycosidae,Pardosa,na,adult,,,
tbd ,bean ,,302,1,Lycosidae,Pardosa,na,adult,,,
tbd ,bean ,,302,1,Lycosidae,Pardosa,na,adult,,,
tbd ,bean ,,302,1,Carabidae,Poecilus,lucublandus,adult,,,
tbd ,bean ,,302,1,Carabidae,Poecilus,lucublandus,adult,,,
tbd ,bean ,,302,1,Elateridae,na,na,adult,,,
tbd ,bean ,,302,1,Opiliones,na,na,juvenile,,,
tbd ,bean ,,302,1,Opiliones,na,na,juvenile,,,
tbd ,bean ,,302,1,Opiliones,na,na,juvenile,,,
tbd ,bean ,,302,1,Opiliones,na,na,juvenile,,,
tbd ,bean ,,302,1,Opiliones,na,na,juvenile,,,
tbd ,bean ,,303,1,Carabidae,Poecilus,lucublandus,adult,,,
tbd ,bean ,,303,1,Carabidae,Poecilus,lucublandus,adult,,,
tbd ,bean ,,303,1,Elateridae,na,na,adult,,,
tbd ,bean ,,303,1,Elateridae,na,na,adult,,,
tbd ,bean ,,303,1,Elateridae,na,na,adult,,,
tbd ,bean ,,303,1,Formicidae,na,na,adult,,,
tbd ,bean ,,303,1,Lycosidae,Pardosa,na,adult,,,
tbd ,bean ,,303,1,Opiliones,na,na,adult,,,
tbd ,bean ,,303,1,Opiliones,na,na,adult,,,
tbd ,bean ,,303,1,Opiliones,na,na,juvenile,,,
tbd ,bean ,,402,1,Carabidae,Poecilus,lucublandus,adult,,,
tbd ,bean ,,402,1,Elateridae,na,na,adult,,,
tbd ,bean ,,402,1,Elateridae,na,na,adult,,,
tbd ,bean ,,402,1,Lycosidae,na,na,adult,,,
tbd ,bean ,,402,1,Opiliones,na,na,adult,,,
tbd ,bean ,,402,1,Opiliones,na,na,adult,,,
tbd ,bean ,,402,1,Opiliones,na,na,adult,,,
tbd ,bean ,,402,1,Opiliones,na,na,adult,,,
tbd ,bean ,,402,1,Opiliones,na,na,juvenile,,,
tbd ,bean ,,402,1,Opiliones,na,na,juvenile,,,
tbd ,bean ,,402,1,Opiliones,na,na,juvenile,,,
tbd ,bean ,,402,1,Opiliones,na,na,juvenile,,,
tbd ,bean ,,402,1,Opiliones,na,na,juvenile,,,
tbd ,bean ,,402,1,Opiliones,na,na,juvenile,,,
tbd ,bean ,,402,1,Opiliones,na,na,juvenile,,,
tbd ,bean ,,402,1,Opiliones,na,na,juvenile,,,
tbd ,bean ,,402,1,Opiliones,na,na,juvenile,,,
tbd ,bean ,,402,1,Opiliones,na,na,juvenile,,,
tbd ,bean ,,402,1,Opiliones,na,na,juvenile,,,
tbd ,bean ,,402,1,Opiliones,na,na,juvenile,,,
tbd ,bean ,,402,1,Opiliones,na,na,juvenile,,,
tbd ,bean ,,402,1,Opiliones,na,na,juvenile,,,
tbd ,bean ,,204,2,Lycosidae,Pardosa,na,adult,,,
tbd ,bean ,,204,2,Staphylinidae,na,na,adult,,,
tbd ,bean ,,204,2,Elateridae,na,na,adult,,,
tbd ,bean ,,204,2,Elateridae,na,na,adult,,,
tbd ,bean ,,204,2,Opiliones,na,na,adult,,,
tbd ,bean ,,204,2,Opiliones,na,na,juvenile,,,
tbd ,bean ,,204,2,Opiliones,na,na,juvenile,,,
tbd ,bean ,,203,1,Carabidae,Poecilus,lucublandus,adult,,,
tbd ,bean ,,203,1,Elateridae,na,na,adult,,,
tbd ,bean ,,203,1,Elateridae,na,na,adult,,,
tbd ,bean ,,203,1,Elateridae,na,na,adult,,,
tbd ,bean ,,203,1,Staphylinidae,na,na,adult,,,
tbd ,bean ,,203,1,Staphylinidae,na,na,adult,,,
tbd ,bean ,,203,1,Opiliones,na,na,adult,,,
tbd ,bean ,,203,1,Opiliones,na,na,adult,,,
tbd ,bean ,,203,1,Opiliones,na,na,juvenile,,,
tbd ,bean ,,203,1,Opiliones,na,na,juvenile,,,
tbd ,bean ,,203,1,Opiliones,na,na,juvenile,,,
tbd ,bean ,,203,1,Opiliones,na,na,juvenile,,,
tbd ,bean ,,203,1,Opiliones,na,na,juvenile,,,
tbd ,bean ,,203,1,Opiliones,na,na,juvenile,,,
tbd ,bean ,,203,1,Opiliones,na,na,juvenile,,,
tbd ,bean ,,203,1,Opiliones,na,na,juvenile,,,
tbd ,bean ,,203,1,Formicidae,na,na,adult,,,
tbd ,bean ,,203,1,Formicidae,na,na,adult,,,
tbd ,bean ,,203,1,Formicidae,na,na,adult,,,
tbd ,bean ,,202,2,Carabidae,Chlaenius,tricolor,adult,,,
tbd ,bean ,,202,2,Carabidae,Chlaenius,tricolor,adult,,,
tbd ,bean ,,202,2,Lycosidae,Pardosa,na,adult,,,
tbd ,bean ,,202,2,Lycosidae,Pardosa,na,adult,,,
tbd ,bean ,,202,2,Lycosidae,Pardosa,na,adult,,,
tbd ,bean ,,202,2,Lycosidae,Allocosa,na,adult,,,
tbd ,bean ,,202,2,Carabidae,Poecilus,lucublandus,adult,,,
tbd ,bean ,,202,2,Formicidae,na,na,adult,,,
tbd ,bean ,,202,2,Opiliones,na,na,juvenile,,,
tbd ,bean ,,202,2,Opiliones,na,na,juvenile,,,
tbd ,bean ,,202,2,Opiliones,na,na,juvenile,,,
tbd ,bean ,,202,2,Opiliones,na,na,juvenile,,,
tbd ,bean ,,202,2,Opiliones,na,na,juvenile,,,
tbd ,bean ,,202,2,Opiliones,na,na,juvenile,,,
tbd ,bean ,,202,2,Opiliones,na,na,juvenile,,,
tbd ,bean ,,202,2,Opiliones,na,na,juvenile,,,
tbd ,bean ,,202,2,Opiliones,na,na,juvenile,,,
tbd ,bean ,,202,2,Opiliones,na,na,juvenile,,,
tbd ,bean ,,202,2,Opiliones,na,na,juvenile,,,
tbd ,bean ,,202,2,Opiliones,na,na,juvenile,,,
tbd ,bean ,,202,2,Staphylinidae,na,na,adult,,,
tbd ,bean ,,101,2,Lycosidae,Pardosa,na,adult,,,
tbd ,bean ,,101,2,Lycosidae,Pardosa,na,adult,,,
tbd ,bean ,,101,2,Lycosidae,Pardosa,na,adult,,,
tbd ,bean ,,101,2,Lycosidae,Pardosa,na,adult,,,
tbd ,bean ,,101,2,Lycosidae,Schizocosa,na,adult,,,
tbd ,bean ,,101,2,Elateridae,na,na,adult,,,
tbd ,bean ,,101,2,Carabidae,Poecilus,lucublandus,adult,,,
tbd ,bean ,,101,2,Carabidae,Poecilus,lucublandus,adult,,,
tbd ,bean ,,101,2,Opiliones,na,na,juvenile,,,
tbd ,bean ,,101,2,Opiliones,na,na,juvenile,,,
tbd ,bean ,,101,2,Opiliones,na,na,juvenile,,,
tbd ,bean ,,101,2,Opiliones,na,na,juvenile,,,
tbd ,bean ,,101,2,Opiliones,na,na,juvenile,,,
tbd ,bean ,,101,2,Opiliones,na,na,juvenile,,,
tbd ,bean ,,101,2,Opiliones,na,na,juvenile,,,
tbd ,bean ,,101,2,Opiliones,na,na,juvenile,,,
tbd ,bean ,,101,2,Opiliones,na,na,juvenile,,,
tbd ,bean ,,101,2,Opiliones,na,na,juvenile,,,
tbd ,bean ,,101,2,Opiliones,na,na,juvenile,,,
tbd ,bean ,,101,2,Opiliones,na,na,juvenile,,,
tbd ,bean ,,101,2,Opiliones,na,na,juvenile,,,
tbd ,bean ,,101,2,Opiliones,na,na,juvenile,,,
tbd ,bean ,,101,2,Opiliones,na,na,juvenile,,,
tbd ,bean ,,101,2,Linyphiidae,na,na,adult,,,
tbd ,bean ,,301,1,Lycosidae,Schizocosa,na,adult,,,
tbd ,bean ,,301,1,Lycosidae,Schizocosa,na,adult,,,
tbd ,bean ,,301,1,Carabidae,Poecilus,lucublandus,adult,,,
tbd ,bean ,,301,1,Carabidae,Poecilus,lucublandus,adult,,,
tbd ,bean ,,301,1,Formicidae,na,na,adult,,,
tbd ,bean ,,301,1,Formicidae,na,na,adult,,,
tbd ,bean ,,301,1,Staphylinidae,na,na,adult,,,
tbd ,bean ,,301,1,Opiliones,na,na,adult,,,
tbd ,bean ,,301,1,Opiliones,na,na,juvenile,,,
tbd ,bean ,,301,1,Opiliones,na,na,juvenile,,,
tbd ,bean ,,301,1,Opiliones,na,na,juvenile,,,
tbd ,bean ,,301,1,Opiliones,na,na,juvenile,,,
tbd ,bean ,,301,1,Opiliones,na,na,juvenile,,,
tbd ,bean ,,301,1,Opiliones,na,na,juvenile,,,
tbd ,bean ,,301,1,Opiliones,na,na,juvenile,,,
tbd ,bean ,,301,1,Opiliones,na,na,juvenile,,,
tbd ,bean ,,301,1,Opiliones,na,na,juvenile,,,
tbd ,bean ,,301,1,Opiliones,na,na,juvenile,,,
tbd ,bean ,,301,1,Opiliones,na,na,juvenile,,,
tbd ,bean ,,301,1,Opiliones,na,na,juvenile,,,
tbd ,bean ,,104,1,Elateridae,na,na,adult,,,
tbd ,bean ,,104,1,Elateridae,na,na,adult,,,
tbd ,bean ,,104,1,Lycosidae,Pardosa,na,adult,,,
tbd ,bean ,,104,1,Lycosidae,Schizocosa,na,adult,,,
tbd ,bean ,,104,1,Carabidae,Poecilus,lucublandus,adult,,,
tbd ,bean ,,104,1,Carabidae,Poecilus,lucublandus,adult,,,
tbd ,bean ,,104,1,Carabidae,Poecilus,lucublandus,adult,,,
tbd ,bean ,,104,1,Carabidae,Poecilus,lucublandus,adult,,,
tbd ,bean ,,104,1,Carabidae,Poecilus,lucublandus,adult,,,
tbd ,bean ,,104,1,Carabidae,Chlaenius,tricolor,adult,,,
tbd ,bean ,,104,1,Opiliones,na,na,juvenile,,,
tbd ,bean ,,104,1,Opiliones,na,na,juvenile,,,
tbd ,bean ,,104,1,Opiliones,na,na,juvenile,,,
tbd ,bean ,,104,1,Opiliones,na,na,juvenile,,,
tbd ,bean ,,104,1,Opiliones,na,na,juvenile,,,
tbd ,bean ,,104,1,Opiliones,na,na,juvenile,,,
tbd ,bean ,,104,1,Opiliones,na,na,juvenile,,,
tbd ,bean ,,104,1,Opiliones,na,na,juvenile,,,
tbd ,bean ,,104,1,Opiliones,na,na,juvenile,,,
tbd ,bean ,,104,1,Opiliones,na,na,juvenile,,,
tbd ,bean ,,104,1,Opiliones,na,na,juvenile,,,
tbd ,bean ,,104,1,Opiliones,na,na,juvenile,,,
tbd ,bean ,,104,1,Opiliones,na,na,juvenile,,,
tbd ,bean ,,404,1,Carabidae,Poecilus,lucublandus,adult,,,
tbd ,bean ,,404,1,Carabidae,Poecilus,lucublandus,adult,,,
tbd ,bean ,,404,1,Opiliones,na,na,juvenile,,,
tbd ,bean ,,404,1,Opiliones,na,na,juvenile,,,
tbd ,bean ,,404,1,Opiliones,na,na,juvenile,,,
tbd ,bean ,,404,1,Opiliones,na,na,juvenile,,,
tbd ,bean ,,404,1,Opiliones,na,na,juvenile,,,
tbd ,bean ,,404,1,Opiliones,na,na,juvenile,,,
tbd ,bean ,,404,1,Opiliones,na,na,juvenile,,,
tbd ,bean ,,404,1,Opiliones,na,na,juvenile,,,
tbd ,bean ,,404,1,Opiliones,na,na,juvenile,,,
tbd ,bean ,,404,1,Opiliones,na,na,juvenile,,,
tbd ,bean ,,404,1,Opiliones,na,na,juvenile,,,
tbd ,bean ,,404,1,Opiliones,na,na,juvenile,,,
tbd ,bean ,,404,1,Opiliones,na,na,juvenile,,,
tbd ,bean ,,404,1,Opiliones,na,na,juvenile,,,
tbd ,bean ,,404,1,Opiliones,na,na,juvenile,,,
tbd ,bean ,,501,1,Formicidae,na,na,adult,,,
tbd ,bean ,,501,1,Formicidae,na,na,adult,,,
tbd ,bean ,,501,1,Carabidae,Poecilus,lucublandus,adult,,,
tbd ,bean ,,501,1,Carabidae,Poecilus,lucublandus,adult,,,
tbd ,bean ,,501,1,Carabidae,Poecilus,lucublandus,adult,,,
tbd ,bean ,,501,1,Carabidae,Poecilus,lucublandus,adult,,,
tbd ,bean ,,501,1,Carabidae,Poecilus,lucublandus,adult,,,
tbd ,bean ,,501,1,Carabidae,Poecilus,lucublandus,adult,,,
tbd ,bean ,,501,1,Lycosidae,Pardosa,na,adult,,,
tbd ,bean ,,501,1,Lycosidae,Pardosa,na,adult,,,
tbd ,bean ,,501,1,Lycosidae,Schizocosa,na,adult,,,
tbd ,bean ,,501,1,Elateridae,na,na,adult,,,
tbd ,bean ,,501,1,Opiliones,na,na,juvenile,,,
tbd ,bean ,,501,1,Opiliones,na,na,juvenile,,,
tbd ,bean ,,501,1,Opiliones,na,na,juvenile,,,
tbd ,bean ,,303,2,Elateridae,na,na,adult,,,
tbd ,bean ,,303,2,Elateridae,na,na,adult,,,
tbd ,bean ,,303,2,Lycosidae,Schizocosa,na,adult,,,
tbd ,bean ,,303,2,Lycosidae,Schizocosa,na,adult,,,
tbd ,bean ,,303,2,Carabidae,Poecilus,lucublandus,adult,,,
tbd ,bean ,,303,2,Opiliones,na,na,juvenile,,,
tbd ,bean ,,303,2,Opiliones,na,na,juvenile,,,
tbd ,bean ,,303,2,Opiliones,na,na,juvenile,,,
tbd ,bean ,,303,2,Opiliones,na,na,juvenile,,,
tbd ,bean ,,303,2,Opiliones,na,na,juvenile,,,
tbd ,bean ,,303,2,Opiliones,na,na,juvenile,,,
tbd ,bean ,,303,2,Opiliones,na,na,juvenile,,,
tbd ,bean ,,303,2,Opiliones,na,na,juvenile,,,
tbd ,bean ,,303,2,Opiliones,na,na,juvenile,,,
tbd ,bean ,,303,2,Opiliones,na,na,juvenile,,,
tbd ,bean ,,303,2,Staphylinidae,na,na,adult,,,
tbd ,bean ,,303,2,Elateridae,na,na,adult,,,
tbd ,bean ,,301,2,Carabidae,Poecilus,lucublandus,adult,,,
tbd ,bean ,,301,2,Opiliones,na,na,juvenile,,,
tbd ,bean ,,301,2,Opiliones,na,na,juvenile,,,
tbd ,bean ,,301,2,Opiliones,na,na,juvenile,,,
tbd ,bean ,,301,2,Opiliones,na,na,juvenile,,,
tbd ,bean ,,301,2,Opiliones,na,na,juvenile,,,
tbd ,bean ,,301,2,Opiliones,na,na,juvenile,,,
tbd ,bean ,,301,2,Opiliones,na,na,juvenile,,,
tbd ,bean ,,301,2,Opiliones,na,na,juvenile,,,
tbd ,bean ,,301,2,Opiliones,na,na,juvenile,,,
tbd ,bean ,,301,2,Opiliones,na,na,juvenile,,,
tbd ,bean ,,301,2,Opiliones,na,na,juvenile,,,
tbd ,bean ,,301,2,Opiliones,na,na,juvenile,,,
tbd ,bean ,,403,2,Carabidae,Poecilus,lucublandus,adult,,,
tbd ,bean ,,403,2,Carabidae,Chlaenius,tricolor,adult,,,
tbd ,bean ,,403,2,Lycosidae,Pardosa,na,adult,,,
tbd ,bean ,,403,2,Lycosidae,Pardosa,na,adult,,,
tbd ,bean ,,403,2,Staphylinidae,na,na,adult,,,
tbd ,bean ,,403,2,Staphylinidae,na,na,adult,,,
tbd ,bean ,,403,2,Staphylinidae,na,na,adult,,,
tbd ,bean ,,403,2,Opiliones,na,na,juvenile,,,
tbd ,bean ,,403,2,Opiliones,na,na,juvenile,,,
tbd ,bean ,,403,2,Opiliones,na,na,juvenile,,,
tbd ,bean ,,403,2,Opiliones,na,na,juvenile,,,
tbd ,bean ,,403,2,Opiliones,na,na,juvenile,,,
tbd ,bean ,,403,2,Opiliones,na,na,juvenile,,,
tbd ,bean ,,403,2,Opiliones,na,na,juvenile,,,
tbd ,bean ,,403,2,Opiliones,na,na,juvenile,,,
tbd ,bean ,,403,2,Opiliones,na,na,juvenile,,,
tbd ,bean ,,403,2,Opiliones,na,na,juvenile,,,
tbd ,bean ,,403,2,Opiliones,na,na,juvenile,,,
tbd ,bean ,,403,2,Opiliones,na,na,juvenile,,,
tbd ,bean ,,403,2,Opiliones,na,na,juvenile,,,
tbd ,bean ,,403,2,Opiliones,na,na,juvenile,,,
tbd ,bean ,,403,2,Opiliones,na,na,juvenile,,,
tbd ,bean ,,403,2,Opiliones,na,na,juvenile,,,
tbd ,bean ,,403,2,Opiliones,na,na,juvenile,,,
tbd ,bean ,,403,2,Opiliones,na,na,juvenile,,,
tbd ,bean ,,403,2,Opiliones,na,na,juvenile,,,
tbd ,bean ,,403,2,Opiliones,na,na,juvenile,,,
tbd ,bean ,,403,2,Opiliones,na,na,juvenile,,,
tbd ,bean ,,403,2,Carabidae,Bembidion,na,adult,,,
tbd ,bean ,,201,1,Lycosidae,Pardosa,na,adult,,,
tbd ,bean ,,201,1,Lycosidae,Pardosa,na,adult,,,
tbd ,bean ,,201,1,Lycosidae,Pardosa,na,adult,,,
tbd ,bean ,,201,1,Lycosidae,Pardosa,na,adult,,,
tbd ,bean ,,201,1,Lycosidae,Pardosa,na,adult,,,
tbd ,bean ,,201,1,Carabidae,Amara,na,adult,,,
tbd ,bean ,,201,1,Carabidae,Amara,na,adult,,,
tbd ,bean ,,201,1,Carabidae,Amara,na,adult,,,
tbd ,bean ,,201,1,Carabidae,Amara,na,adult,,,
tbd ,bean ,,201,1,Carabidae,Poecilus,lucublandus,adult,,,
tbd ,bean ,,201,1,Carabidae,Chlaenius,tricolor,adult,,,
tbd ,bean ,,201,1,Staphylinidae,na,na,adult,,,
tbd ,bean ,,201,1,Elateridae,na,na,adult,,,
tbd ,bean ,,201,1,Elateridae,na,na,adult,,,
tbd ,bean ,,201,1,Elateridae,na,na,adult,,,
tbd ,bean ,,201,1,Elateridae,na,na,adult,,,
tbd ,bean ,,201,1,Elateridae,na,na,adult,,,
tbd ,bean ,,201,1,Elateridae,na,na,adult,,,
tbd ,bean ,,201,1,Opiliones,na,na,juvenile,,,
tbd ,bean ,,201,1,Opiliones,na,na,juvenile,,,
tbd ,bean ,,201,1,Opiliones,na,na,juvenile,,,
tbd ,bean ,,201,1,Opiliones,na,na,juvenile,,,
tbd ,bean ,,201,1,Opiliones,na,na,juvenile,,,
tbd ,bean ,,201,1,Opiliones,na,na,juvenile,,,
tbd ,bean ,,201,1,Opiliones,na,na,juvenile,,,
tbd ,bean ,,201,1,Opiliones,na,na,juvenile,,,
tbd ,bean ,,201,1,Opiliones,na,na,juvenile,,,
tbd ,bean ,,201,1,Opiliones,na,na,juvenile,,,
tbd ,bean ,,201,1,Opiliones,na,na,juvenile,,,
tbd ,bean ,,104,2,Carabidae,Chlaenius,tricolor,adult,,,
tbd ,bean ,,104,2,Carabidae,Chlaenius,tricolor,adult,,,
tbd ,bean ,,104,2,Carabidae,Chlaenius,tricolor,adult,,,
tbd ,bean ,,104,2,Carabidae,Amara,na,adult,,,
tbd ,bean ,,104,2,Lycosidae,Schizocosa,na,adult,,,
tbd ,bean ,,104,2,Staphylinidae,na,na,adult,,,
tbd ,bean ,,104,2,Elateridae,na,na,adult,,,
tbd ,bean ,,104,2,Opiliones,na,na,juvenile,,,
tbd ,bean ,,104,2,Opiliones,na,na,juvenile,,,
tbd ,bean ,,104,2,Opiliones,na,na,juvenile,,,
tbd ,bean ,,104,2,Opiliones,na,na,juvenile,,,
tbd ,bean ,,104,2,Opiliones,na,na,juvenile,,,
tbd ,bean ,,104,2,Opiliones,na,na,juvenile,,,
tbd ,bean ,,502,1,Formicidae,na,na,adult,,,
tbd ,bean ,,502,1,Formicidae,na,na,adult,,,
tbd ,bean ,,502,1,Lycosidae,Pardosa,na,adult,,,
tbd ,bean ,,502,1,Lycosidae,Pardosa,na,adult,,,
tbd ,bean ,,502,1,Carabidae,Poecilus,lucublandus,adult,,,
tbd ,bean ,,502,1,Carabidae,Poecilus,lucublandus,adult,,,
tbd ,bean ,,502,1,Carabidae,Poecilus,lucublandus,adult,,,
tbd ,bean ,,502,1,Carabidae,Poecilus,lucublandus,adult,,,
tbd ,bean ,,502,1,Carabidae,Poecilus,lucublandus,adult,,,
tbd ,bean ,,502,1,Lycosidae,na,na,juvenile,,,
tbd ,bean ,,502,1,Elateridae,na,na,adult,,,
tbd ,bean ,,502,1,Elateridae,na,na,adult,,,
tbd ,bean ,,502,1,Elateridae,na,na,adult,,,
tbd ,bean ,,502,1,Opiliones,na,na,juvenile,,,
tbd ,bean ,,502,1,Formicidae,na,na,adult,,,
tbd ,bean ,,502,1,Opiliones,na,na,juvenile,,,
tbd ,bean ,,502,1,Opiliones,na,na,juvenile,,,
tbd ,bean ,,502,1,Opiliones,na,na,juvenile,,,
tbd ,bean ,,502,1,Opiliones,na,na,juvenile,,,
tbd ,bean ,,502,1,Opiliones,na,na,juvenile,,,
tbd ,bean ,,502,1,Opiliones,na,na,juvenile,,,
tbd ,bean ,,502,1,Opiliones,na,na,juvenile,,,
7/1/2022,soybeans,1,101,1,Carabidae ,Poecilus ,lucublandus ,adult,,,
7/1/2022,soybeans,1,101,1,Lycosidae ,Schizocosa,na,adult ,,,
7/1/2022,soybeans,1,101,1,Lycosidae ,Schizocosa,na,adult ,,,
7/1/2022,soybeans,1,101,1,Lycosidae ,na,na,juvenile ,,,
7/1/2022,soybeans,1,101,1,Opiliones,na,na,adult ,,,
7/1/2022,soybeans,1,101,1,Opiliones,na,na,adult ,,,
7/1/2022,soybeans,1,101,1,Opiliones,na,na,adult ,,,
7/1/2022,soybeans,1,101,1,Opiliones,na,na,adult ,,,
7/1/2022,soybeans,1,101,2,Carabidae ,Amara,pallipes,adult,,,
7/1/2022,soybeans,1,101,2,Lycosidae ,Pardosa,na,adult,,,
7/1/2022,soybeans,1,101,2,Lycosidae ,Pardosa,na,adult,,,
7/1/2022,soybeans,1,101,2,Lycosidae ,na,na,juvenile,,,
7/1/2022,soybeans,1,101,2,Lycosidae ,Pardosa,na,adult,,,
7/1/2022,soybeans,1,101,2,Opiliones,na,na,adult,,,
7/1/2022,soybeans,1,101,2,Opiliones,na,na,adult,,,
7/1/2022,soybeans,1,101,2,Opiliones,na,na,adult,,,
7/1/2022,soybeans,1,101,2,Opiliones,na,na,adult,,,
7/1/2022,soybeans,1,101,2,Thomisidae ,Misumenoides,na,adult,,,
7/1/2022,soybeans,2,102,1,Carabidae ,Pterostichus ,na,adult,,,
7/1/2022,soybeans,2,102,1,Carabidae ,Pterostichus ,na,adult,,,
7/1/2022,soybeans,2,102,1,Carabidae ,Poecilus ,lucublandus ,adult,,,
7/1/2022,soybeans,2,102,1,Carabidae ,Chlaenius ,tricolor ,adult,,,
7/1/2022,soybeans,2,102,1,Lycosidae ,Pardosa,na,adult,,,
7/1/2022,soybeans,2,102,1,Lycosidae ,Schizocosa,na,adult,,,
7/1/2022,soybeans,2,102,1,Lycosidae ,Schizocosa,na,adult,,,
7/1/2022,soybeans,2,102,1,Lycosidae ,Schizocosa,na,adult,,,
7/1/2022,soybeans,2,102,1,Thomisidae ,Misumenoides,na,adult,,,
7/1/2022,soybeans,2,102,2,Carabidae ,Poecilus ,lucublandus ,adult,,,
7/1/2022,soybeans,2,102,2,Carabidae ,Poecilus ,lucublandus ,adult,,,
7/1/2022,soybeans,2,102,2,Carabidae ,Poecilus ,lucublandus ,adult,,,
7/1/2022,soybeans,2,102,2,Carabidae ,Poecilus ,lucublandus ,adult,,,
7/1/2022,soybeans,2,102,2,Carabidae ,Poecilus ,lucublandus ,adult,,,
7/1/2022,soybeans,2,102,2,Carabidae ,Chlaenius ,na,adult ,,,
7/1/2022,soybeans,2,102,2,Carabidae ,Chlaenius ,na,adult ,,,
7/1/2022,soybeans,2,102,2,Carabidae ,Chlaenius ,na,adult ,,,
7/1/2022,soybeans,2,102,2,Lycosidae ,Schizocosa,na,adult ,,,
7/1/2022,soybeans,2,102,2,Lycosidae ,Pardosa,na,adult,,,
7/1/2022,soybeans,2,102,2,Opiliones,na,na,adult,,,
7/1/2022,soybeans,3,103,1,Carabidae ,Poecilus ,lucublandus ,adult,,,
7/1/2022,soybeans,3,103,1,Carabidae ,Poecilus ,lucublandus ,adult,,,
7/1/2022,soybeans,3,103,1,Carabidae ,Chlaenius ,tricolor ,adult ,,,
7/1/2022,soybeans,3,103,1,Carabidae ,Pterostichus ,na,adult,,,
7/1/2022,soybeans,3,103,1,Lycosidae ,na,,juvenile ,,,
7/1/2022,soybeans,3,103,1,Lycosidae ,na,,juvenile ,,,
7/1/2022,soybeans,3,103,1,Lycosidae ,na,,juvenile ,,,
7/1/2022,soybeans,3,103,1,Lycosidae ,Pardosa,,adult,,,
7/1/2022,soybeans,3,103,1,Lycosidae ,Schizocosa,,adult ,,,
7/1/2022,soybeans,3,103,1,Lycosidae ,Allocosa,,adult,,,
7/1/2022,soybeans,3,103,1,Lycosidae ,Allocosa,,adult ,,,
7/1/2022,soybeans,3,103,1,Lycosidae ,na,,adult,,,
7/1/2022,soybeans,3,103,1,Lycosidae ,na,,adult,,,
7/1/2022,soybeans,3,103,1,Lycosidae ,na,,adult,,,
7/1/2022,soybeans,3,103,1,Opiliones,,,adult ,,,
7/1/2022,soybeans,3,103,2,Carabidae ,Poecilus ,lucublandus ,adult,,,
7/1/2022,soybeans,3,103,2,Carabidae ,Poecilus ,lucublandus ,adult,,,
7/1/2022,soybeans,3,103,2,Carabidae ,Pterostichus ,na,adult,,,
7/1/2022,soybeans,3,103,2,Lycosidae ,Pardosa,na,adult,,,
7/1/2022,soybeans,3,103,2,Lycosidae ,Pardosa,na,adult,,,
7/1/2022,soybeans,3,103,2,Lycosidae ,Pardosa,na,adult,,,
7/1/2022,soybeans,3,103,2,Lycosidae ,Pardosa,na,adult,,,
7/1/2022,soybeans,3,103,2,Lycosidae ,Pardosa,na,adult,,,
7/1/2022,soybeans,3,103,2,Lycosidae ,Schizocosa,na,adult,,,
7/1/2022,soybeans,3,103,2,Lycosidae ,na,na,juvenile,,,
7/1/2022,soybeans,3,103,2,Lycosidae ,Pardosa,na,adult,,,
7/1/2022,soybeans,3,103,2,Opiliones,na,na,adult ,,,
7/1/2022,soybeans,3,103,2,Opiliones,na,na,adult ,,,
7/1/2022,soybeans,3,103,2,Opiliones,na,na,adult ,,,
7/1/2022,soybeans,3,103,2,Opiliones,na,na,adult ,,,
7/1/2022,soybeans,4,104,1,Lycosidae ,Pardosa,,juvenile ,,,
7/1/2022,soybeans,4,104,1,Lycosidae ,Pardosa,,juvenile ,,,
7/1/2022,soybeans,4,104,1,Lycosidae ,Pardosa,,adult ,,,
7/1/2022,soybeans,4,104,1,Lycosidae ,na,,adult ,,,
7/1/2022,soybeans,4,104,1,Opiliones,na,na,adult ,,,
7/1/2022,soybeans,4,104,2,Linyphiidae,na,na,adult ,,,
7/1/2022,soybeans,4,104,2,Lycosidae ,Pardosa,na,adult,,,
7/1/2022,soybeans,4,104,2,Lycosidae ,Allocosa,na,adult,,,
7/1/2022,soybeans,2,201,1,Carabidae ,Pterostichus ,na,adult,,,
7/1/2022,soybeans,2,201,1,Carabidae ,Pterostichus ,na,adult,,,
7/1/2022,soybeans,2,201,1,Carabidae ,Poecilus ,lucublandus ,adult,,,
7/1/2022,soybeans,2,201,1,Carabidae ,Pterostichus ,na,adult,,,
7/1/2022,soybeans,2,201,1,Carabidae ,Pterostichus ,na,adult,,,
7/1/2022,soybeans,2,201,1,Carabidae ,Chlaenius ,tricolor ,adult,,,
7/1/2022,soybeans,2,201,1,Carabidae ,Chlaenius ,tricolor ,adult,,,
7/1/2022,soybeans,2,201,1,Linyphiidae,na,,Adult,,,
7/1/2022,soybeans,2,201,1,Lycosidae ,Schizocosa,na,adult,,,
7/1/2022,soybeans,2,201,1,Lycosidae ,Schizocosa,na,adult,,,
7/1/2022,soybeans,2,201,1,Lycosidae ,Schizocosa,na,adult,,,
7/1/2022,soybeans,2,201,1,Lycosidae ,na,na,juveinle ,,,
7/1/2022,soybeans,2,201,1,Lycosidae ,na,na,juveinle ,,,
7/1/2022,soybeans,2,201,1,Lycosidae ,na,na,juveinle ,,,
7/1/2022,soybeans,2,201,1,Lycosidae ,na,na,juveinle ,,,
7/1/2022,soybeans,2,201,1,Lycosidae ,na,na,juveinle ,,,
7/1/2022,soybeans,2,201,1,Lycosidae ,na,na,juveinle ,,,
7/1/2022,soybeans,2,201,1,Lycosidae ,Pardosa,na,adult,,,
7/1/2022,soybeans,2,201,1,Lycosidae ,Pardosa,na,adult,,,
7/1/2022,soybeans,2,201,1,Lycosidae ,Pardosa,na,adult,,,
7/1/2022,soybeans,2,201,1,Lycosidae ,Pardosa,na,adult,,,
7/1/2022,soybeans,2,201,1,Lycosidae ,Pardosa,na,adult,,,
7/1/2022,soybeans,2,201,1,Lycosidae ,Schizocosa,na,adult,,,
7/1/2022,soybeans,2,201,1,Opiliones,na,na,juvenile,,,
7/1/2022,soybeans,2,201,1,Opiliones,na,na,adult,,,
7/1/2022,soybeans,4,202,1,Carabidae ,Chlaenius ,tricolor ,adult,,,
7/1/2022,soybeans,4,202,1,Carabidae ,Poecilus ,lucublandus ,adult ,,,
7/1/2022,soybeans,4,202,1,Lycosidae ,Schizocosa,na,adult ,,,
7/1/2022,soybeans,4,202,1,Lycosidae ,Schizocosa,na,adult ,,,
7/1/2022,soybeans,4,202,1,Lycosidae ,Schizocosa,na,adult ,,,
7/1/2022,soybeans,4,202,1,Lycosidae ,na,na,juvenile,,,
7/1/2022,soybeans,4,202,1,Thomisidae ,Misumenoides,na,adult ,,,
7/1/2022,soybeans,4,202,2,Agelenidae ,na,na,juvenile ,,,
7/1/2022,soybeans,4,202,2,Carabidae ,Poecilus ,lucublandus ,adult,,,
7/1/2022,soybeans,4,202,2,Carabidae ,Chlaenius ,tricolor ,adult,,,
7/1/2022,soybeans,4,202,2,Carabidae ,Pterostichus ,na,adult,,,
7/1/2022,soybeans,4,202,2,Carabidae ,Pterostichus ,na,adult ,,,
7/1/2022,soybeans,4,202,2,Lycosidae ,Pardosa,na,adult ,,,
7/1/2022,soybeans,4,202,2,Lycosidae ,Pardosa,na,adult ,,,
7/1/2022,soybeans,4,202,2,Lycosidae ,na,na,juvenile,,,
7/1/2022,soybeans,1,203,1,Carabidae ,Chlaenius ,tricolor ,adult,,,
7/1/2022,soybeans,1,203,1,Lycosidae ,Pardosa,na,adult,,,
7/1/2022,soybeans,1,203,1,Lycosidae ,Pardosa,na,adult,,,
7/1/2022,soybeans,1,203,1,Lycosidae ,na,na,juvenile ,,,
7/1/2022,soybeans,1,203,2,Carabidae ,Pterostichus ,melanarius ,,,,
7/1/2022,soybeans,1,203,2,Carabidae ,Pterostichus ,melanarius ,,,,
7/1/2022,soybeans,1,203,2,Carabidae ,Poecilus ,lucublandus ,,,,
7/1/2022,soybeans,1,203,2,Lycosidae ,Pardosa,na,,,,
7/1/2022,soybeans,1,203,2,Lycosidae ,Pardosa,na,,,,
7/1/2022,soybeans,1,203,2,Lycosidae ,Pardosa,na,,,,
7/1/2022,soybeans,1,203,2,Staphylinidae,na,na,,,,
7/1/2022,soybeans,1,203,2,Staphylinidae,na,na,,,,
7/1/2022,soybeans,3,204,1,Carabidae ,Poecilus ,lucublandus ,adult,,,
7/1/2022,soybeans,3,204,1,Carabidae ,Poecilus ,lucublandus ,adult,,,
7/1/2022,soybeans,3,204,1,Lycosidae ,Pardosa,na,adult,,,
7/1/2022,soybeans,3,204,1,Lycosidae ,Pardosa,na,adult,,,
7/1/2022,soybeans,3,204,1,Lycosidae ,Pardosa,na,adult,,,
7/1/2022,soybeans,3,204,2,Carabidae ,Poecilus ,lucublandus ,adult,,,
7/1/2022,soybeans,3,204,2,Carabidae ,Poecilus ,lucublandus ,adult,,,
7/1/2022,soybeans,3,204,2,Carabidae ,Poecilus ,lucublandus ,adult,,,
7/1/2022,soybeans,3,204,2,Lycosidae ,Schizocosa,na,adult,,,
7/1/2022,soybeans,3,204,2,Opiliones,na,,adult,,,
7/1/2022,soybeans,4,301,1,Carabidae ,Amara,na,adult,,,
7/1/2022,soybeans,4,301,1,Carabidae ,Pterostichus ,na,adult,,,
7/1/2022,soybeans,4,301,1,Carabidae ,Poecilus ,lucublandus ,adult,,,
7/1/2022,soybeans,4,301,1,Lycosidae ,Pardosa,na,adult,,,
7/1/2022,soybeans,4,301,1,Lycosidae ,Pardosa,na,adult,,,
7/1/2022,soybeans,4,301,1,Lycosidae ,Pardosa,na,adult,,,
7/1/2022,soybeans,4,301,1,Lycosidae ,Schizocosa,na,adult,,,
7/1/2022,soybeans,4,301,1,Lycosidae ,na,na,juvenile,,,
7/1/2022,soybeans,4,301,1,Lycosidae ,Pardosa,na,adult,,,
7/1/2022,soybeans,4,301,1,Opiliones,na,na,adult,,,
7/1/2022,soybeans,4,301,2,Carabidae ,Pterostichus ,na,adult,,,
7/1/2022,soybeans,4,301,2,Carabidae ,Pterostichus ,na,adult,,,
7/1/2022,soybeans,4,301,2,Carabidae ,Poecilus ,lucublandus ,adult,,,
7/1/2022,soybeans,4,301,2,Lycosidae ,Pardosa,na,adult,,,
7/1/2022,soybeans,4,301,2,Lycosidae ,Pardosa,na,adult,,,
7/1/2022,soybeans,3,302,1,Carabidae ,Poecilus ,lucublandus ,adult,,,
7/1/2022,soybeans,3,302,1,Carabidae ,Poecilus ,lucublandus ,adult,,,
7/1/2022,soybeans,3,302,1,Carabidae ,Poecilus ,lucublandus ,adult,,,
7/1/2022,soybeans,3,302,1,Carabidae ,Poecilus ,lucublandus ,adult,,,
7/1/2022,soybeans,3,302,1,Lycosidae ,Pardosa,na,adult,,,
7/1/2022,soybeans,3,302,1,Lycosidae ,Pardosa,na,adult,,,
7/1/2022,soybeans,3,302,1,Lycosidae ,Pardosa,na,adult,,,
7/1/2022,soybeans,3,302,1,Lycosidae ,Pardosa,na,adult,,,
7/1/2022,soybeans,3,302,1,Lycosidae ,Pardosa,na,adult,,,
7/1/2022,soybeans,3,302,1,Lycosidae ,Pardosa,na,adult,,,
7/1/2022,soybeans,3,302,1,Lycosidae ,na,,juveinle ,,,
7/1/2022,soybeans,3,302,1,Lycosidae ,Allocosa,na,adult ,,,
7/1/2022,soybeans,3,302,1,Opiliones,na,na,adult ,,,
7/1/2022,soybeans,3,302,2,Carabidae ,Pterostichus ,na,adult ,,,
7/1/2022,soybeans,3,302,2,Carabidae ,Pterostichus ,na,adult ,,,
7/1/2022,soybeans,3,302,2,Lycosidae ,Pardosa,na,adult,,,
7/1/2022,soybeans,3,302,2,Lycosidae ,Pardosa,na,adult,,,
7/1/2022,soybeans,3,302,2,Lycosidae ,Pardosa,na,adult,,,
7/1/2022,soybeans,3,302,2,Lycosidae ,Pardosa,na,adult,,,
7/1/2022,soybeans,3,302,2,Lycosidae ,na,na,juvenile ,,,
7/1/2022,soybeans,3,302,2,Opiliones,na,na,adult,,,
7/1/2022,soybeans,3,302,2,Opiliones,na,na,adult,,,
7/1/2022,soybeans,3,302,2,Opiliones,na,na,adult,,,
7/1/2022,soybeans,3,302,2,Opiliones,na,na,adult,,,
7/1/2022,soybeans,2,303,1,Carabidae ,Poecilus ,lucublandus ,adult,,,
7/1/2022,soybeans,2,303,1,Carabidae ,Poecilus ,lucublandus ,adult,,,
7/1/2022,soybeans,2,303,1,Lycosidae ,Pardosa,na,adult,,,
7/1/2022,soybeans,2,303,1,Lycosidae ,Pardosa,na,adult,,,
7/1/2022,soybeans,2,303,2,Carabidae ,Poecilus ,lucublandus ,adult ,,,
7/1/2022,soybeans,2,303,2,Carabidae ,Poecilus ,lucublandus ,adult ,,,
7/1/2022,soybeans,2,303,2,Carabidae ,Poecilus ,lucublandus ,adult ,,,
7/1/2022,soybeans,2,303,2,Lycosidae ,Pardosa,na,adult ,,,
7/1/2022,soybeans,2,303,2,Lycosidae ,Pardosa,na,adult ,,,
7/1/2022,soybeans,2,303,2,Lycosidae ,Pardosa,na,adult ,,,
7/1/2022,soybeans,2,303,2,Lycosidae ,na,na,juvenile ,,,
7/1/2022,soybeans,2,303,2,Opiliones,na,na,adult,,,
7/1/2022,soybeans,1,304,1,Carabidae ,Poecilus ,lucublandus ,adult ,,,
7/1/2022,soybeans,1,304,1,Carabidae ,Poecilus ,lucublandus ,adult ,,,
7/1/2022,soybeans,1,304,1,Carabidae ,Poecilus ,lucublandus ,adult ,,,
7/1/2022,soybeans,1,304,1,Lycosidae ,na,na,juvenile,,,
7/1/2022,soybeans,1,304,1,Lycosidae ,na,na,juvenile ,,,
7/1/2022,soybeans,1,304,1,Lycosidae ,Schizocosa,na,adult,,,
7/1/2022,soybeans,1,304,1,Lycosidae ,Gladicosa ,na,adult ,,,
7/1/2022,soybeans,1,304,2,Linyphiidae,na,,adult ,,,
7/1/2022,soybeans,1,304,2,Lycosidae ,Varacosa ,,adult ,,,
7/1/2022,soybeans,1,401,1,Lycosidae ,Pardosa,na,adult,,,
7/1/2022,soybeans,1,401,1,Lycosidae ,Pardosa,na,adult,,,
7/1/2022,soybeans,1,401,1,Lycosidae ,na,na,adult,,,
7/1/2022,soybeans,1,401,1,Thomisidae ,Misumenoides,na,adult ,,,
7/1/2022,soybeans,1,401,2,Carabidae ,Poecilus ,lucublandus ,adult,,,
7/1/2022,soybeans,1,401,2,Carabidae ,Chlaenius ,tricolor ,adult,,,
7/1/2022,soybeans,1,401,2,Carabidae ,Pterostichus ,na,adult,,,
7/1/2022,soybeans,1,401,2,Lycosidae ,Pardosa,na,adult,,,
7/1/2022,soybeans,1,401,2,Lycosidae ,na,na,juvenile,,,
7/1/2022,soybeans,1,401,2,Opiliones,na,na,adult,,,
7/1/2022,soybeans,1,401,2,Opiliones,na,na,adult,,,
7/1/2022,soybeans,1,401,2,Opiliones,na,na,adult,,,
7/1/2022,soybeans,2,402,1,Carabidae ,Poecilus ,lucublandus ,adult,,,
7/1/2022,soybeans,2,402,1,Carabidae ,Poecilus ,lucublandus ,adult,,,
7/1/2022,soybeans,2,402,1,Carabidae ,Poecilus ,lucublandus ,adult,,,
7/1/2022,soybeans,2,402,1,Carabidae ,Chlaenius ,tricolor ,adult,,,
7/1/2022,soybeans,2,402,1,Lycosidae ,Schizocosa,na,adult,,,
7/1/2022,soybeans,2,402,1,Lycosidae ,Pardosa,na,adult,,,
7/1/2022,soybeans,2,402,1,Lycosidae ,Pardosa,na,adult,,,
7/1/2022,soybeans,2,402,1,Lycosidae ,Pardosa,na,adult,,,
7/1/2022,soybeans,2,402,1,Lycosidae ,Pardosa,na,adult,,,
7/1/2022,soybeans,2,402,1,Thomisidae ,Misumenoides,na,adult,,,
7/1/2022,soybeans,2,402,2,Carabidae ,Pterostichus ,na,adult,,,
7/1/2022,soybeans,2,402,2,Lycosidae ,Pardosa,na,adult,,,
7/1/2022,soybeans,2,402,2,Lycosidae ,na,na,adult ,,,
7/1/2022,soybeans,3,403,1,Carabidae ,Poecilus ,lucublandus ,adult,,,
7/1/2022,soybeans,3,403,1,Carabidae ,Poecilus ,lucublandus ,adult,,,
7/1/2022,soybeans,3,403,1,Carabidae ,Chlaenius ,tricolor ,adult,,,
7/1/2022,soybeans,3,403,1,Lycosidae ,Pardosa,na,adult,,,
7/1/2022,soybeans,3,403,1,Lycosidae ,Pardosa,na,adult,,,
7/1/2022,soybeans,3,403,1,Lycosidae ,Pardosa,na,adult,,,
7/1/2022,soybeans,3,403,1,Lycosidae ,Pardosa,na,adult,,,
7/1/2022,soybeans,3,403,1,Lycosidae ,Pardosa,na,adult,,,
7/1/2022,soybeans,3,403,1,Lycosidae ,Schizocosa,na,adult,,,
7/1/2022,soybeans,3,403,1,Opiliones,na,na,adult,,,
7/1/2022,soybeans,3,403,1,Opiliones,na,na,adult,,,
7/1/2022,soybeans,3,403,2,Carabidae ,Poecilus ,lucublandus ,adult,,,
7/1/2022,soybeans,3,403,2,Carabidae ,unknown ,na,na,,,
7/1/2022,soybeans,3,403,2,Lycosidae ,Pardosa,na,adult,,,
7/1/2022,soybeans,3,403,2,Lycosidae ,Pardosa,na,adult,,,
7/1/2022,soybeans,3,403,2,Opiliones,na,na,adult,,,
7/1/2022,soybeans,3,403,2,Thomisidae ,Misumenoides,na,adult,,,
7/1/2022,soybeans,4,404,1,Lycosidae ,Schizocosa,na,adult,,,
7/1/2022,soybeans,4,404,1,Lycosidae ,na,na,juvenile,,,
7/1/2022,soybeans,4,404,2,Lycosidae ,Pardosa,na,adult,,,
7/1/2022,soybeans,4,404,2,Lycosidae ,Schizocosa,na,adult,,,
7/1/2022,soybeans,4,404,2,Lycosidae ,na,na,juvenile ,,,
7/1/2022,soybeans,3,501,1,Carabidae ,Poecilus ,lucublandus ,adult,,,
7/1/2022,soybeans,3,501,1,Lycosidae ,na,,juvenile ,,,
7/1/2022,soybeans,3,501,1,Opiliones,na,na,adult ,,,
7/1/2022,soybeans,3,501,1,Opiliones,na,na,adult ,,,
7/1/2022,soybeans,3,501,1,Opiliones,na,na,adult ,,,
7/1/2022,soybeans,3,501,1,Opiliones,na,na,juvenile ,,,
7/1/2022,soybeans,3,501,2,Carabidae ,Poecilus ,lucublandus ,adult,,,
7/1/2022,soybeans,3,501,2,Lycosidae ,Schizocosa,na,adult,,,
7/1/2022,soybeans,3,501,2,Lycosidae ,Gladicosa ,na,adult,,,
7/1/2022,soybeans,3,501,2,Lycosidae ,na,na,juvenile,,,
7/1/2022,soybeans,3,501,2,Opiliones,na,na,adult,,,
7/1/2022,soybeans,3,501,2,Opiliones,na,na,adult,,,
7/1/2022,soybeans,2,502,1,Carabidae ,Pterostichus ,na,adult,,,
7/1/2022,soybeans,2,502,1,Carabidae ,Pterostichus ,na,adult,,,
7/1/2022,soybeans,2,502,1,Carabidae ,Poecilus ,lucublandus ,adult,,,
7/1/2022,soybeans,2,502,1,Carabidae ,Poecilus ,lucublandus ,adult,,,
7/1/2022,soybeans,2,502,1,Carabidae ,Poecilus ,lucublandus ,adult,,,
7/1/2022,soybeans,2,502,1,Carabidae ,Chlaenius ,tricolor ,adult,,,
7/1/2022,soybeans,2,502,1,Carabidae ,Chlaenius ,tricolor ,adult,,,
7/1/2022,soybeans,2,502,1,Carabidae ,Pterostichus ,na,adult,,,
7/1/2022,soybeans,2,502,1,Lycosidae ,Pardosa,na,adult,,,
7/1/2022,soybeans,2,502,1,Lycosidae ,Pardosa,na,adult,,,
7/1/2022,soybeans,2,502,1,Lycosidae ,Pardosa,na,adult,,,
7/1/2022,soybeans,2,502,1,Lycosidae ,na,na,juvenile,,,
7/1/2022,soybeans,2,502,1,Opiliones,na,na,adult,,,
7/1/2022,soybeans,2,502,2,Lycosidae ,Pardosa,na,adult,,,
7/1/2022,soybeans,2,502,2,Lycosidae ,Pardosa,na,adult,,,
7/1/2022,soybeans,2,502,2,Lycosidae ,Pardosa,na,adult,,,
7/1/2022,soybeans,2,502,2,Lycosidae ,na,na,juvenile,,,
7/1/2022,soybeans,1,503,1,Lycosidae ,Pardosa,na,adult,,,
7/1/2022,soybeans,1,503,1,Lycosidae ,Pardosa,na,adult,,,
7/1/2022,soybeans,1,503,1,Lycosidae ,Pardosa,na,adult,,,
7/1/2022,soybeans,1,503,1,Lycosidae ,na,na,juveinle ,,,
7/1/2022,soybeans,1,503,1,Opiliones,na,na,adult,,,
7/1/2022,soybeans,1,503,1,Thomisidae ,Misumenoides,na,adul,,,
7/1/2022,soybeans,1,503,2,Carabidae ,Poecilus ,lucublandus ,adult,,,
7/1/2022,soybeans,1,503,2,Carabidae ,Pterostichus ,na,adult,,,
7/1/2022,soybeans,1,503,2,Linyphiidae,na,,Adult,,,
7/1/2022,soybeans,1,503,2,Linyphiidae,na,,Adult,,,
7/1/2022,soybeans,1,503,2,Lycosidae ,Pardosa,na,adult,,,
7/1/2022,soybeans,1,503,2,Lycosidae ,Pardosa,na,adult,,,
7/1/2022,soybeans,1,503,2,Lycosidae ,na,na,juvenile,,,
7/1/2022,soybeans,1,503,2,Opiliones,na,na,adult,,,
7/1/2022,soybeans,4,504,1,Lycosidae ,Pardosa,na,adult,,,
7/1/2022,soybeans,4,504,1,Lycosidae ,Pardosa,na,adult,,,
7/1/2022,soybeans,4,504,1,Lycosidae ,Pardosa,na,adult,,,
7/1/2022,soybeans,4,504,1,Lycosidae ,Schizocosa,na,adult,,,
7/1/2022,soybeans,4,504,1,Lycosidae ,Schizocosa,na,adult,,,
7/1/2022,soybeans,4,504,1,Lycosidae ,Schizocosa,na,adult,,,
7/1/2022,soybeans,4,504,1,Lycosidae ,na,na,juvenile,,,
7/1/2022,soybeans,4,504,1,Opiliones,na,na,adult,,,
7/1/2022,soybeans,4,504,2,Carabidae ,Pterostichus ,na,adult ,,,
7/1/2022,soybeans,4,504,2,Carabidae ,Chlaenius ,tricolor ,adult,,,
7/1/2022,soybeans,4,504,2,Carabidae ,Poecilus ,lucublandus ,adult ,,,
7/1/2022,soybeans,4,504,2,Carabidae ,Poecilus ,lucublandus ,adult ,,,
7/1/2022,soybeans,4,504,2,Cicindelidae,Cicindelia ,sexguttata,adult,,,
7/1/2022,soybeans,4,504,2,Lycosidae ,Pardosa,na,adult,,,
7/1/2022,soybeans,4,504,2,Lycosidae ,Pardosa,na,adult,,,
7/1/2022,soybeans,4,504,2,Lycosidae ,Pardosa,na,adult,,,
7/1/2022,soybeans,4,504,2,Lycosidae ,Pardosa,na,adult,,,
7/1/2022,soybeans,4,504,2,Lycosidae ,Pardosa,na,adult,,,
7/1/2022,soybeans,4,504,2,Lycosidae ,Pardosa,na,adult,,,
7/1/2022,soybeans,4,504,2,Lycosidae ,Pardosa,na,adult,,,
7/1/2022,soybeans,4,504,2,Lycosidae ,Pardosa,na,adult,,,
7/1/2022,soybeans,4,504,2,Lycosidae ,na,na,juvenile ,,,
7/1/2022,soybeans,4,504,2,Thomisidae ,Misumenoides,na,adult ,,,
8/18/2022,soybeans,,101,1,Opiliones ,na,na,juvenile ,,,
8/18/2022,soybeans,,101,1,Opiliones ,na,na,juvenile ,,,
8/18/2022,soybeans,,101,1,Opiliones ,na,na,juvenile ,,,
8/18/2022,soybeans,,101,1,Opiliones ,na,na,juvenile ,,,
8/18/2022,soybeans,,101,1,Opiliones ,na,na,juvenile ,,,
8/18/2022,soybeans,,101,1,Opiliones ,na,na,juvenile ,,,
8/18/2022,soybeans,,101,1,Opiliones ,na,na,adult ,,,
8/18/2022,soybeans,,101,1,Opiliones ,na,na,adult,,,
8/18/2022,soybeans,,101,1,Lycosidae ,Pardosa ,na,adult,,,
8/18/2022,soybeans,,101,1,Lycosidae ,Pardosa ,na,adult,,,
8/18/2022,soybeans,,101,1,Lycosidae ,Pardosa ,na,adult,,,
8/18/2022,soybeans,,101,1,Carabidae ,Poecilus ,lucublandus ,adult ,,,
8/18/2022,soybeans,,101,1,Carabidae ,Poecilus ,na,adult,,,
8/18/2022,soybeans,,101,1,Carabidae ,Pterostichus ,na,adult,,,
8/18/2022,soybeans,,101,1,Carabidae ,Pterostichus ,na,adult,,,
8/18/2022,soybeans,,101,1,Carabidae ,Pterostichus ,na,adult,,,
8/18/2022,soybeans,,101,1,Carabidae ,Pterostichus ,na,adult,,,
8/18/2022,soybeans,,101,1,Carabidae ,Pterostichus ,na,adult,,,
8/18/2022,soybeans,,101,1,Carabidae ,Pterostichus ,na,adult,,,
8/18/2022,soybeans,,101,2,Carabidae ,Pterostichus ,na,adult,,,
8/18/2022,soybeans,,101,2,Carabidae ,Pterostichus ,na,adult,,,
8/18/2022,soybeans,,101,2,Carabidae ,Pterostichus ,na,adult,,,
8/18/2022,soybeans,,101,2,Opiliones ,na,na,juvenile,,,
8/18/2022,soybeans,,101,2,Opiliones ,na,na,juvenile,,,
8/18/2022,soybeans,,102,1,Carabidae ,Pterostichus ,na,adult,,,
8/18/2022,soybeans,,102,1,Carabidae ,Pterostichus ,na,adult,,,
8/18/2022,soybeans,,102,1,Carabidae ,Pterostichus ,na,adult,,,
8/18/2022,soybeans,,102,1,Carabidae ,Pterostichus ,na,adult,,,
8/18/2022,soybeans,,102,1,Carabidae ,Pterostichus ,na,adult,,,
8/18/2022,soybeans,,102,2,Linyphiidae ,na,na,adult,,,
8/18/2022,soybeans,,102,2,Lycosidae ,Pardosa ,na,adult,,,
8/18/2022,soybeans,,102,2,Opiliones ,na,na,adult,,,
8/18/2022,soybeans,,102,2,Opiliones ,na,na,juvenile ,,,
8/18/2022,soybeans,,102,2,Carabidae ,Pterostichus ,na,adult,,,
8/18/2022,soybeans,,102,2,Carabidae ,Pterostichus ,na,adult,,,
8/18/2022,soybeans,,102,2,Carabidae ,Pterostichus ,na,adult,,,
8/18/2022,soybeans,,102,2,Carabidae ,Pterostichus ,na,adult,,,
8/18/2022,soybeans,,102,2,Carabidae ,Pterostichus ,na,adult,,,
8/18/2022,soybeans,,102,2,Carabidae ,Pterostichus ,na,adult,,,
8/18/2022,soybeans,,102,2,Carabidae ,Pterostichus ,na,adult,,,
8/18/2022,soybeans,,102,2,Carabidae ,Pterostichus ,na,adult,,,
8/18/2022,soybeans,,102,2,Carabidae ,Pterostichus ,na,adult,,,
8/18/2022,soybeans,,102,2,Carabidae ,Pterostichus ,na,adult,,,
8/18/2022,soybeans,,102,2,Carabidae ,Pterostichus ,na,adult,,,
8/18/2022,soybeans,,102,2,Carabidae ,Pterostichus ,na,adult,,,
8/18/2022,soybeans,,102,2,Carabidae ,Pterostichus ,na,adult,,,
8/18/2022,soybeans,,102,2,Carabidae ,Pterostichus ,na,adult,,,
8/18/2022,soybeans,,102,2,Carabidae ,Pterostichus ,na,adult,,,
8/18/2022,soybeans,,102,2,Carabidae ,Pterostichus ,na,adult,,,
8/18/2022,soybeans,,102,2,Carabidae ,Pterostichus ,na,adult,,,
8/18/2022,soybeans,,103,1,Carabidae ,Pterostichus ,na,adult,,,
8/18/2022,soybeans,,103,1,Carabidae ,Pterostichus ,na,adult,,,
8/18/2022,soybeans,,103,1,Carabidae ,Pterostichus ,na,adult,,,
8/18/2022,soybeans,,103,1,Carabidae ,Pterostichus ,na,adult,,,
8/18/2022,soybeans,,103,1,Carabidae ,Pterostichus ,na,adult,,,
8/18/2022,soybeans,,103,1,Carabidae ,Pterostichus ,na,adult,,,
8/18/2022,soybeans,,103,1,Carabidae ,Pterostichus ,na,adult,,,
8/18/2022,soybeans,,103,1,Carabidae ,Pterostichus ,na,adult,,,
8/18/2022,soybeans,,103,1,Carabidae ,Pterostichus ,na,adult,,,
8/18/2022,soybeans,,103,1,Carabidae ,Pterostichus ,na,adult,,,
8/18/2022,soybeans,,103,1,Carabidae ,Pterostichus ,na,adult,,,
8/18/2022,soybeans,,103,1,Lycosidae ,Pardosa ,na,adult ,,,
8/18/2022,soybeans,,103,2,Carabidae ,Pterostichus ,na,adult,,,
8/18/2022,soybeans,,103,2,Carabidae ,Pterostichus ,na,adult,,,
8/18/2022,soybeans,,103,2,Carabidae ,Pterostichus ,na,adult,,,
8/18/2022,soybeans,,103,2,Carabidae ,Pterostichus ,na,adult,,,
8/18/2022,soybeans,,103,2,Carabidae ,Pterostichus ,na,adult,,,
8/18/2022,soybeans,,103,2,Carabidae ,Pterostichus ,na,adult,,,
8/18/2022,soybeans,,103,2,Carabidae ,Pterostichus ,na,adult,,,
8/18/2022,soybeans,,103,2,Carabidae ,Pterostichus ,na,adult,,,
8/18/2022,soybeans,,103,2,Carabidae ,Pterostichus ,na,adult,,,
8/18/2022,soybeans,,103,2,Carabidae ,Pterostichus ,na,adult,,,
8/18/2022,soybeans,,103,2,Carabidae ,Pterostichus ,na,adult,,,
8/18/2022,soybeans,,103,2,Carabidae ,Pterostichus ,na,adult,,,
8/18/2022,soybeans,,103,2,Carabidae ,Pterostichus ,na,adult,,,
8/18/2022,soybeans,,103,2,Carabidae ,Pterostichus ,na,adult,,,
8/18/2022,soybeans,,103,2,Carabidae ,Pterostichus ,na,adult,,,
8/18/2022,soybeans,,103,2,Carabidae ,Pterostichus ,na,adult,,,
8/18/2022,soybeans,,103,2,Carabidae ,Pterostichus ,na,adult,,,
8/18/2022,soybeans,,103,2,Carabidae ,Pterostichus ,na,adult,,,
8/18/2022,soybeans,,103,2,Carabidae ,Pterostichus ,na,adult,,,
8/18/2022,soybeans,,103,2,Opiliones ,na,na,juvenile ,,,
8/18/2022,soybeans,,103,2,Opiliones ,na,na,juvenile ,,,
8/18/2022,soybeans,,103,2,Opiliones ,na,na,juvenile ,,,
8/18/2022,soybeans,,103,2,Linyphiidae ,na,na,adult,,,
8/18/2022,soybeans,,103,2,Linyphiidae ,na,na,adult,,,
8/18/2022,soybeans,,103,2,Lycosidae ,Pardosa ,na,adult,,,
8/18/2022,soybeans,,103,2,Lycosidae ,Pardosa ,na,adult,,,
8/18/2022,soybeans,,103,2,Lycosidae ,Pardosa ,na,adult,,,
8/18/2022,soybeans,,103,2,Lycosidae ,Pardosa ,na,adult,,,
8/18/2022,soybeans,,103,2,Lycosidae ,Pardosa ,na,adult,,,
8/18/2022,soybeans,,103,2,Lycosidae ,Pardosa ,na,adult,,,
8/18/2022,soybeans,,103,2,Lycosidae ,Pardosa ,na,adult,,,
8/18/2022,soybeans,,103,2,Lycosidae ,Pardosa ,na,adult,,,
8/18/2022,soybeans,,104,1,Lycosidae ,na,na,juvenile ,,,
8/18/2022,soybeans,,104,1,Lycosidae ,na,na,juvenile ,,,
8/18/2022,soybeans,,104,1,Lycosidae ,na,na,juvenile ,,,
8/18/2022,soybeans,,104,1,Lycosidae ,na,na,juvenile ,,,
8/18/2022,soybeans,,104,1,Lycosidae ,na,na,juvenile ,,,
8/18/2022,soybeans,,104,1,Lycosidae ,na,na,juvenile ,,,
8/18/2022,soybeans,,104,1,Lycosidae ,na,na,juvenile ,,,
8/18/2022,soybeans,,104,1,Lycosidae ,na,na,juvenile ,,,
8/18/2022,soybeans,,104,1,Lycosidae ,na,na,juvenile ,,,
8/18/2022,soybeans,,104,1,Lycosidae ,na,na,juvenile ,,,
8/18/2022,soybeans,,104,1,Lycosidae ,na,na,adult,,,
8/18/2022,soybeans,,104,1,Lycosidae ,Pardosa ,na,adult ,,,
8/18/2022,soybeans,,104,1,Lycosidae ,Pardosa ,na,adult ,,,
8/18/2022,soybeans,,104,1,Carabidae ,Pterostichus ,na,adult,,,
8/18/2022,soybeans,,104,1,Carabidae ,Pterostichus ,na,adult,,,
8/18/2022,soybeans,,104,1,Carabidae ,Pterostichus ,na,adult,,,
8/18/2022,soybeans,,104,1,Carabidae ,Pterostichus ,na,adult,,,
8/18/2022,soybeans,,104,1,Carabidae ,Pterostichus ,na,adult,,,
8/18/2022,soybeans,,104,1,Carabidae ,Pterostichus ,na,adult,,,
8/18/2022,soybeans,,104,1,Carabidae ,Pterostichus ,na,adult,,,
8/18/2022,soybeans,,104,1,Carabidae ,Pterostichus ,na,adult,,,
8/18/2022,soybeans,,104,1,Carabidae ,Pterostichus ,na,adult,,,
8/18/2022,soybeans,,104,1,Carabidae ,Pterostichus ,na,adult,,,
8/18/2022,soybeans,,104,1,Carabidae ,Pterostichus ,na,adult,,,
8/18/2022,soybeans,,104,1,Carabidae ,Pterostichus ,na,adult,,,
8/18/2022,soybeans,,104,1,Carabidae ,Pterostichus ,na,adult,,,
8/18/2022,soybeans,,104,1,Carabidae ,Pterostichus ,na,adult,,,
8/18/2022,soybeans,,104,1,Carabidae ,Pterostichus ,na,adult,,,
8/18/2022,soybeans,,104,1,Carabidae ,Pterostichus ,na,adult,,,
8/18/2022,soybeans,,104,1,Carabidae ,Pterostichus ,na,adult,,,
8/18/2022,soybeans,,104,1,Carabidae ,Pterostichus ,na,adult,,,
8/18/2022,soybeans,,104,1,Opiliones ,na,na,juvenile,,,
8/18/2022,soybeans,,104,2,Carabidae ,Pterostichus ,na,adult,,,
8/18/2022,soybeans,,104,2,Carabidae ,Pterostichus ,na,adult,,,
8/18/2022,soybeans,,104,2,Carabidae ,Pterostichus ,na,adult,,,
8/18/2022,soybeans,,104,2,Carabidae ,Pterostichus ,na,adult,,,
8/18/2022,soybeans,,104,2,Carabidae ,Pterostichus ,na,adult,,,
8/18/2022,soybeans,,104,2,Carabidae ,Pterostichus ,na,adult,,,
8/18/2022,soybeans,,104,2,Carabidae ,Pterostichus ,na,adult,,,
8/18/2022,soybeans,,104,2,Carabidae ,Pterostichus ,na,adult,,,
8/18/2022,soybeans,,104,2,Carabidae ,Pterostichus ,na,adult,,,
8/18/2022,soybeans,,104,2,Carabidae ,Pterostichus ,na,adult,,,
8/18/2022,soybeans,,104,2,Carabidae ,Pterostichus ,na,adult,,,
8/18/2022,soybeans,,104,2,Carabidae ,Pterostichus ,na,adult,,,
8/18/2022,soybeans,,104,2,Carabidae ,Stenolophus,na,adult ,,,
8/18/2022,soybeans,,104,2,Lycosidae ,Pardosa ,na,adult,,,
8/18/2022,soybeans,,104,2,Lycosidae ,Pardosa ,na,adult,,,
8/18/2022,soybeans,,104,2,Lycosidae ,Schizocosa,na,adult,,,
8/18/2022,soybeans,,104,2,Lycosidae ,na,na,juvenile,,,
8/18/2022,soybeans,,104,2,Lycosidae ,na,na,juvenile,,,
8/18/2022,soybeans,,201,1,Lycosidae ,Pardosa ,na,adult,,,
8/18/2022,soybeans,,201,1,Lycosidae ,na,na,juvenile,,,
8/18/2022,soybeans,,201,1,Opiliones ,na,na,juvenile,,,
8/18/2022,soybeans,,201,1,Opiliones ,na,na,juvenile ,,,
8/18/2022,soybeans,,201,1,Carabidae ,Pterostichus ,na,adult,,,
8/18/2022,soybeans,,201,1,Carabidae ,Pterostichus ,na,adult,,,
8/18/2022,soybeans,,201,1,Carabidae ,Pterostichus ,na,adult,,,
8/18/2022,soybeans,,201,1,Carabidae ,Pterostichus ,na,adult,,,
8/18/2022,soybeans,,201,1,Carabidae ,Pterostichus ,na,adult,,,
8/18/2022,soybeans,,201,1,Carabidae ,Pterostichus ,na,adult,,,
8/18/2022,soybeans,,201,1,Carabidae ,Pterostichus ,na,adult,,,
8/18/2022,soybeans,,201,1,Carabidae ,Pterostichus ,na,adult,,,
8/18/2022,soybeans,,201,1,Carabidae ,Pterostichus ,na,adult,,,
8/18/2022,soybeans,,201,1,Carabidae ,Pterostichus ,na,adult,,,
8/18/2022,soybeans,,201,1,Carabidae ,Pterostichus ,na,adult,,,
8/18/2022,soybeans,,201,1,Carabidae ,Pterostichus ,na,adult,,,
8/18/2022,soybeans,,201,1,Carabidae ,Pterostichus ,na,adult,,,
8/18/2022,soybeans,,201,1,Carabidae ,Pterostichus ,na,adult,,,
8/18/2022,soybeans,,201,1,Carabidae ,Pterostichus ,na,adult,,,
8/18/2022,soybeans,,201,1,Carabidae ,Pterostichus ,na,adult,,,
8/18/2022,soybeans,,201,1,Carabidae ,Pterostichus ,na,adult,,,
8/18/2022,soybeans,,201,1,Carabidae ,Pterostichus ,na,adult,,,
8/18/2022,soybeans,,201,1,Carabidae ,Pterostichus ,na,adult,,,
8/18/2022,soybeans,,201,1,Carabidae ,Pterostichus ,na,adult,,,
8/18/2022,soybeans,,201,2,Carabidae ,Pterostichus ,na,adult,,,
8/18/2022,soybeans,,201,2,Carabidae ,Pterostichus ,na,adult,,,
8/18/2022,soybeans,,201,2,Carabidae ,Pterostichus ,na,adult,,,
8/18/2022,soybeans,,201,2,Carabidae ,Pterostichus ,na,adult,,,
8/18/2022,soybeans,,201,2,Carabidae ,Pterostichus ,na,adult,,,
8/18/2022,soybeans,,201,2,Carabidae ,Pterostichus ,na,adult,,,
8/18/2022,soybeans,,201,2,Carabidae ,Pterostichus ,na,adult,,,
8/18/2022,soybeans,,201,2,Carabidae ,Pterostichus ,na,adult,,,
8/18/2022,soybeans,,201,2,Carabidae ,Pterostichus ,na,adult,,,
8/18/2022,soybeans,,201,2,Carabidae ,Pterostichus ,na,adult,,,
8/18/2022,soybeans,,201,2,Carabidae ,Pterostichus ,na,adult,,,
8/18/2022,soybeans,,201,2,Carabidae ,Pterostichus ,na,adult,,,
8/18/2022,soybeans,,201,2,Carabidae ,Pterostichus ,na,adult,,,
8/18/2022,soybeans,,201,2,Carabidae ,Pterostichus ,na,adult,,,
8/18/2022,soybeans,,201,2,Carabidae ,Pterostichus ,na,adult,,,
8/18/2022,soybeans,,201,2,Carabidae ,Pterostichus ,na,adult,,,
8/18/2022,soybeans,,201,2,Carabidae ,Pterostichus ,na,adult,,,
8/18/2022,soybeans,,201,2,Carabidae ,Pterostichus ,na,adult,,,
8/18/2022,soybeans,,201,2,Carabidae ,Pterostichus ,na,adult,,,
8/18/2022,soybeans,,201,2,Carabidae ,Pterostichus ,na,adult,,,
8/18/2022,soybeans,,201,2,Carabidae ,Pterostichus ,na,adult,,,
8/18/2022,soybeans,,201,2,Carabidae ,Pterostichus ,na,adult,,,
8/18/2022,soybeans,,201,2,Carabidae ,Pterostichus ,na,adult,,,
8/18/2022,soybeans,,201,2,Carabidae ,Pterostichus ,na,adult,,,
8/18/2022,soybeans,,201,2,Carabidae ,Pterostichus ,na,adult,,,
8/18/2022,soybeans,,201,2,Carabidae ,Pterostichus ,na,adult,,,
8/18/2022,soybeans,,201,2,Carabidae ,Pterostichus ,na,adult,,,
8/18/2022,soybeans,,201,2,Carabidae ,Pterostichus ,na,adult,,,
8/18/2022,soybeans,,201,2,Carabidae ,Pterostichus ,na,adult,,,
8/18/2022,soybeans,,201,2,Carabidae ,Pterostichus ,na,adult,,,
8/18/2022,soybeans,,201,2,Carabidae ,Pterostichus ,na,adult,,,
8/18/2022,soybeans,,201,2,Carabidae ,Pterostichus ,na,adult,,,
8/18/2022,soybeans,,201,2,Carabidae ,Pterostichus ,na,adult,,,
8/18/2022,soybeans,,201,2,Carabidae ,Pterostichus ,na,adult,,,
8/18/2022,soybeans,,201,2,Carabidae ,Pterostichus ,na,adult,,,
8/18/2022,soybeans,,201,2,Carabidae ,Pterostichus ,na,adult,,,
8/18/2022,soybeans,,201,2,Carabidae ,Pterostichus ,na,adult,,,
8/18/2022,soybeans,,201,2,Carabidae ,Pterostichus ,na,adult,,,
8/18/2022,soybeans,,201,2,Carabidae ,Pterostichus ,na,adult,,,
8/18/2022,soybeans,,201,2,Lycosidae ,Schizocosa,na,adult,,,
8/18/2022,soybeans,,201,2,Opiliones ,na,na,juvenile ,,,
8/18/2022,soybeans,,201,2,Opiliones ,na,na,juvenile ,,,
8/18/2022,soybeans,,201,2,Opiliones ,na,na,juvenile ,,,
8/18/2022,soybeans,,202,1,Opiliones ,na,na,adult,,,
8/18/2022,soybeans,,202,1,Opiliones ,na,na,adult,,,
8/18/2022,soybeans,,202,1,Opiliones ,na,na,adult,,,
8/18/2022,soybeans,,202,1,Opiliones ,na,na,adult,,,
8/18/2022,soybeans,,202,1,Opiliones ,na,na,adult,,,
8/18/2022,soybeans,,202,1,Lycosidae ,Pardosa ,na,adult ,,,
8/18/2022,soybeans,,202,1,Lycosidae ,Pardosa ,na,adult ,,,
8/18/2022,soybeans,,202,1,Lycosidae ,Pardosa ,na,adult ,,,
8/18/2022,soybeans,,202,1,Lycosidae ,Pardosa ,na,adult ,,,
8/18/2022,soybeans,,202,1,Lycosidae ,Pardosa ,na,adult ,,,
8/18/2022,soybeans,,202,1,Linyphiidae ,na,na,adult,,,
8/18/2022,soybeans,,202,1,Carabidae ,Pterostichus ,na,adult,,,
8/18/2022,soybeans,,202,1,Carabidae ,Pterostichus ,na,adult,,,
8/18/2022,soybeans,,202,1,Carabidae ,Pterostichus ,na,adult,,,
8/18/2022,soybeans,,202,1,Carabidae ,Pterostichus ,na,adult,,,
8/18/2022,soybeans,,202,1,Carabidae ,Pterostichus ,na,adult,,,
8/18/2022,soybeans,,202,1,Carabidae ,Pterostichus ,na,adult,,,
8/18/2022,soybeans,,203,1,Lycosidae ,Pardosa ,na,adult,,,
8/18/2022,soybeans,,203,1,Lycosidae ,Pardosa ,na,adult,,,
8/18/2022,soybeans,,203,1,Lycosidae ,Pardosa ,na,adult,,,
8/18/2022,soybeans,,203,1,Linyphiidae ,na,na,juvenile ,,,
8/18/2022,soybeans,,203,1,Carabidae ,Pterostichus ,na,adult,,,
8/18/2022,soybeans,,203,1,Carabidae ,Pterostichus ,na,adult,,,
8/18/2022,soybeans,,203,1,Carabidae ,Pterostichus ,na,adult,,,
8/18/2022,soybeans,,203,1,Carabidae ,Pterostichus ,na,adult,,,
8/18/2022,soybeans,,203,1,Carabidae ,Pterostichus ,na,adult,,,
8/18/2022,soybeans,,203,1,Carabidae ,Pterostichus ,na,adult,,,
8/18/2022,soybeans,,203,2,Opiliones ,na,na,juvenile ,,,
8/18/2022,soybeans,,203,2,Opiliones ,na,na,juvenile ,,,
8/18/2022,soybeans,,203,2,Opiliones ,na,na,juvenile ,,,
8/18/2022,soybeans,,203,2,Opiliones ,na,na,juvenile ,,,
8/18/2022,soybeans,,203,2,Carabidae ,Pterostichus ,na,adult,,,
8/18/2022,soybeans,,203,2,Carabidae ,Pterostichus ,na,adult,,,
8/18/2022,soybeans,,203,2,Carabidae ,Pterostichus ,na,adult,,,
8/18/2022,soybeans,,203,2,Lycosidae ,Pardosa ,na,adult,,,
8/18/2022,soybeans,,203,2,Lycosidae ,Pardosa ,na,adult,,,
8/18/2022,soybeans,,204,1,Carabidae ,Pterostichus ,na,adult,,,
8/18/2022,soybeans,,204,1,Carabidae ,Pterostichus ,na,adult,,,
8/18/2022,soybeans,,204,1,Carabidae ,Pterostichus ,na,adult,,,
8/18/2022,soybeans,,204,1,Carabidae ,Pterostichus ,na,adult,,,
8/18/2022,soybeans,,204,1,Carabidae ,Pterostichus ,na,adult,,,
8/18/2022,soybeans,,204,1,Carabidae ,Pterostichus ,na,adult,,,
8/18/2022,soybeans,,204,1,Carabidae ,Pterostichus ,na,adult,,,
8/18/2022,soybeans,,204,2,Linyphiidae ,na,na,adult,,,
8/18/2022,soybeans,,204,2,Linyphiidae ,na,na,juvenile ,,,
8/18/2022,soybeans,,204,2,Lycosidae ,na,na,juvenile,,,
8/18/2022,soybeans,,204,2,Lycosidae ,na,na,juvenile ,,,
8/18/2022,soybeans,,204,2,Lycosidae ,Pardosa ,na,adult ,,,
8/18/2022,soybeans,,204,2,Lycosidae ,Pardosa ,na,adult ,,,
8/18/2022,soybeans,,204,2,Lycosidae ,Pardosa ,na,adult ,,,
8/18/2022,soybeans,,204,2,Carabidae ,Pterostichus ,na,adult,,,
8/18/2022,soybeans,,204,2,Carabidae ,Pterostichus ,na,adult,,,
8/18/2022,soybeans,,204,2,Carabidae ,Pterostichus ,na,adult,,,
8/18/2022,soybeans,,204,2,Carabidae ,Pterostichus ,na,adult,,,
8/18/2022,soybeans,,204,2,Carabidae ,Pterostichus ,na,adult,,,
8/18/2022,soybeans,,204,2,Carabidae ,Pterostichus ,na,adult,,,
8/18/2022,soybeans,,204,2,Carabidae ,Pterostichus ,na,adult,,,
8/18/2022,soybeans,,204,2,Carabidae ,Pterostichus ,na,adult,,,
8/18/2022,soybeans,,204,2,Carabidae ,Pterostichus ,na,adult,,,
8/18/2022,soybeans,,204,2,Carabidae ,Pterostichus ,na,adult,,,
8/18/2022,soybeans,,204,2,Carabidae ,Pterostichus ,na,adult,,,
8/18/2022,soybeans,,204,2,Carabidae ,Pterostichus ,na,adult,,,
8/18/2022,soybeans,,301,1,Linyphiidae ,na,na,adult,,,
8/18/2022,soybeans,,301,1,Opiliones ,na,na,adult,,,
8/18/2022,soybeans,,301,1,Opiliones ,na,na,juvenile,,,
8/18/2022,soybeans,,301,1,Opiliones ,na,na,juvenile,,,
8/18/2022,soybeans,,301,1,Opiliones ,na,na,juvenile,,,
8/18/2022,soybeans,,301,1,Opiliones ,na,na,juvenile,,,
8/18/2022,soybeans,,301,1,Opiliones ,na,na,juvenile,,,
8/18/2022,soybeans,,301,1,Opiliones ,na,na,juvenile,,,
8/18/2022,soybeans,,301,1,Carabidae ,Pterostichus ,na,adult,,,
8/18/2022,soybeans,,301,1,Carabidae ,Pterostichus ,na,adult,,,
8/18/2022,soybeans,,301,1,Carabidae ,Pterostichus ,na,adult,,,
8/18/2022,soybeans,,301,1,Carabidae ,Pterostichus ,na,adult,,,
8/18/2022,soybeans,,301,1,Carabidae ,Pterostichus ,na,adult,,,
8/18/2022,soybeans,,301,1,Carabidae ,Pterostichus ,na,adult,,,
8/18/2022,soybeans,,301,1,Carabidae ,Pterostichus ,na,adult,,,
8/18/2022,soybeans,,301,1,Carabidae ,Pterostichus ,na,adult,,,
8/18/2022,soybeans,,301,2,Lycosidae ,Pardosa ,na,adult,,,
8/18/2022,soybeans,,301,2,Carabidae ,Pterostichus ,na,adult,,,
8/18/2022,soybeans,,301,2,Carabidae ,Pterostichus ,na,adult,,,
8/18/2022,soybeans,,301,2,Carabidae ,Pterostichus ,na,adult,,,
8/18/2022,soybeans,,302,1,Opiliones ,na,na,juvenile,,,
8/18/2022,soybeans,,302,1,Opiliones ,na,na,juvenile,,,
8/18/2022,soybeans,,302,1,Opiliones ,na,na,juvenile,,,
8/18/2022,soybeans,,302,1,Carabidae ,Pterostichus ,na,adult,,,
8/18/2022,soybeans,,302,1,Carabidae ,Pterostichus ,na,adult,,,
8/18/2022,soybeans,,302,1,Carabidae ,Pterostichus ,na,adult,,,
8/18/2022,soybeans,,302,1,Carabidae ,Pterostichus ,na,adult,,,
8/18/2022,soybeans,,302,1,Carabidae ,Pterostichus ,na,adult,,,
8/18/2022,soybeans,,302,1,Carabidae ,Pterostichus ,na,adult,,,
8/18/2022,soybeans,,302,1,Carabidae ,Pterostichus ,na,adult,,,
8/18/2022,soybeans,,302,1,Carabidae ,Pterostichus ,na,adult,,,
8/18/2022,soybeans,,302,1,Carabidae ,Pterostichus ,na,adult,,,
8/18/2022,soybeans,,302,1,Carabidae ,Pterostichus ,na,adult,,,
8/18/2022,soybeans,,302,1,Lycosidae ,Pardosa ,na,adult,,,
8/18/2022,soybeans,,302,2,Carabidae ,Pterostichus ,na,adult,,,
8/18/2022,soybeans,,302,2,Carabidae ,Pterostichus ,na,adult,,,
8/18/2022,soybeans,,302,2,Carabidae ,Pterostichus ,na,adult,,,
8/18/2022,soybeans,,302,2,Carabidae ,Pterostichus ,na,adult,,,
8/18/2022,soybeans,,302,2,Carabidae ,Pterostichus ,na,adult,,,
8/18/2022,soybeans,,302,2,Carabidae ,Pterostichus ,na,adult,,,
8/18/2022,soybeans,,302,2,Carabidae ,Pterostichus ,na,adult,,,
8/18/2022,soybeans,,302,2,Carabidae ,Pterostichus ,na,adult,,,
8/18/2022,soybeans,,302,2,Carabidae ,Pterostichus ,na,adult,,,
8/18/2022,soybeans,,302,2,Carabidae ,Stenolophus,na,adult ,,,
8/18/2022,soybeans,,302,2,Carabidae ,Stenolophus,na,adult ,,,
8/18/2022,soybeans,,302,2,Carabidae ,Amara,na,adult,,,
8/18/2022,soybeans,,302,2,Lycosidae ,Pardosa ,na,adult ,,,
8/18/2022,soybeans,,302,2,Opiliones ,na,na,adult,,,
8/18/2022,soybeans,,302,2,Opiliones ,na,na,adult,,,
8/18/2022,soybeans,,303,1,Carabidae ,Pterostichus ,na,adult,,,
8/18/2022,soybeans,,303,1,Carabidae ,Pterostichus ,na,adult,,,
8/18/2022,soybeans,,303,1,Carabidae ,Pterostichus ,na,adult,,,
8/18/2022,soybeans,,303,1,Carabidae ,Pterostichus ,na,adult,,,
8/18/2022,soybeans,,303,2,Carabidae ,Pterostichus ,na,adult,,,
8/18/2022,soybeans,,303,2,Carabidae ,Pterostichus ,na,adult,,,
8/18/2022,soybeans,,303,2,Carabidae ,Pterostichus ,na,adult,,,
8/18/2022,soybeans,,303,2,Linyphiidae ,na,na,juvenile,,,
8/18/2022,soybeans,,304,1,Lycosidae ,Pardosa ,na,adult,,,
8/18/2022,soybeans,,304,1,Carabidae ,Stenolophus,na,adult ,,,
8/18/2022,soybeans,,304,1,Carabidae ,Pterostichus ,na,adult,,,
8/18/2022,soybeans,,304,1,Carabidae ,Pterostichus ,na,adult,,,
8/18/2022,soybeans,,304,1,Carabidae ,Pterostichus ,na,adult,,,
8/18/2022,soybeans,,304,1,Carabidae ,Pterostichus ,na,adult,,,
8/18/2022,soybeans,,304,1,Carabidae ,Pterostichus ,na,adult,,,
8/18/2022,soybeans,,304,1,Carabidae ,Pterostichus ,na,adult,,,
8/18/2022,soybeans,,304,1,Carabidae ,Pterostichus ,na,adult,,,
8/18/2022,soybeans,,304,1,Carabidae ,Pterostichus ,na,adult,,,
8/18/2022,soybeans,,304,1,Carabidae ,Pterostichus ,na,adult,,,
8/18/2022,soybeans,,304,1,Carabidae ,Pterostichus ,na,adult,,,
8/18/2022,soybeans,,304,1,Carabidae ,Pterostichus ,na,adult,,,
8/18/2022,soybeans,,304,2,Carabidae ,Pterostichus ,na,adult,,,
8/18/2022,soybeans,,304,2,Carabidae ,Pterostichus ,na,adult,,,
8/18/2022,soybeans,,304,2,Carabidae ,Pterostichus ,na,adult,,,
8/18/2022,soybeans,,304,2,Carabidae ,Pterostichus ,na,adult,,,
8/18/2022,soybeans,,304,2,Carabidae ,Pterostichus ,na,adult,,,
8/18/2022,soybeans,,304,2,Carabidae ,Pterostichus ,na,adult,,,
8/18/2022,soybeans,,304,2,Carabidae ,Pterostichus ,na,adult,,,
8/18/2022,soybeans,,304,2,Carabidae ,Pterostichus ,na,adult,,,
8/18/2022,soybeans,,304,2,Carabidae ,Pterostichus ,na,adult,,,
8/18/2022,soybeans,,304,2,Carabidae ,Pterostichus ,na,adult,,,
8/18/2022,soybeans,,304,2,Lycosidae ,Pardosa ,na,adult,,,
8/18/2022,soybeans,,304,2,Lycosidae ,Pardosa ,na,adult,,,
8/18/2022,soybeans,,304,2,Opiliones ,na,na,adult ,,,
8/18/2022,soybeans,,401,1,Lycosidae ,Schizocosa,na,adult,,,
8/18/2022,soybeans,,401,1,Lycosidae ,na,na,juvenile ,,,
8/18/2022,soybeans,,401,1,Lycosidae ,na,na,juvenile ,,,
8/18/2022,soybeans,,401,1,Lycosidae ,na,na,juvenile ,,,
8/18/2022,soybeans,,401,1,Lycosidae ,na,na,juvenile ,,,
8/18/2022,soybeans,,401,1,Lycosidae ,na,na,juvenile ,,,
8/18/2022,soybeans,,401,1,Lycosidae ,na,na,juvenile ,,,
8/18/2022,soybeans,,401,1,Lycosidae ,na,na,juvenile ,,,
8/18/2022,soybeans,,401,1,Lycosidae ,na,na,juvenile ,,,
8/18/2022,soybeans,,401,1,Lycosidae ,na,na,juvenile ,,,
8/18/2022,soybeans,,401,1,Lycosidae ,na,na,juvenile ,,,
8/18/2022,soybeans,,401,1,Lycosidae ,na,na,juvenile ,,,
8/18/2022,soybeans,,401,1,Lycosidae ,na,na,juvenile ,,,
8/18/2022,soybeans,,401,1,Lycosidae ,na,na,juvenile ,,,
8/18/2022,soybeans,,401,1,Lycosidae ,na,na,juvenile ,,,
8/18/2022,soybeans,,401,1,Lycosidae ,na,na,juvenile ,,,
8/18/2022,soybeans,,401,1,Lycosidae ,na,na,juvenile ,,,
8/18/2022,soybeans,,401,1,Lycosidae ,na,na,juvenile ,,,
8/18/2022,soybeans,,401,1,Lycosidae ,na,na,juvenile ,,,
8/18/2022,soybeans,,401,1,Lycosidae ,na,na,juvenile ,,,
8/18/2022,soybeans,,401,1,Lycosidae ,na,na,juvenile ,,,
8/18/2022,soybeans,,401,1,Lycosidae ,na,na,juvenile ,,,
8/18/2022,soybeans,,401,1,Lycosidae ,na,na,juvenile ,,,
8/18/2022,soybeans,,401,1,Lycosidae ,na,na,juvenile ,,,
8/18/2022,soybeans,,401,1,Lycosidae ,na,na,juvenile ,,,
8/18/2022,soybeans,,401,1,Lycosidae ,na,na,juvenile ,,,
8/18/2022,soybeans,,401,1,Lycosidae ,na,na,juvenile ,,,
8/18/2022,soybeans,,401,1,Lycosidae ,na,na,juvenile ,,,
8/18/2022,soybeans,,401,1,Lycosidae ,na,na,juvenile ,,,
8/18/2022,soybeans,,401,1,Lycosidae ,na,na,juvenile ,,,
8/18/2022,soybeans,,401,1,Lycosidae ,na,na,juvenile ,,,
8/18/2022,soybeans,,401,1,Lycosidae ,na,na,juvenile ,,,
8/18/2022,soybeans,,401,1,Lycosidae ,na,na,juvenile ,,,
8/18/2022,soybeans,,401,1,Lycosidae ,na,na,juvenile ,,,
8/18/2022,soybeans,,401,1,Lycosidae ,na,na,juvenile ,,,
8/18/2022,soybeans,,401,1,Lycosidae ,na,na,juvenile ,,,
8/18/2022,soybeans,,401,1,Lycosidae ,na,na,juvenile ,,,
8/18/2022,soybeans,,401,1,Lycosidae ,na,na,juvenile ,,,
8/18/2022,soybeans,,401,1,Lycosidae ,na,na,juvenile ,,,
8/18/2022,soybeans,,401,1,Lycosidae ,na,na,juvenile ,,,
8/18/2022,soybeans,,401,1,Lycosidae ,na,na,juvenile ,,,
8/18/2022,soybeans,,401,1,Lycosidae ,na,na,juvenile ,,,
8/18/2022,soybeans,,401,1,Lycosidae ,na,na,juvenile ,,,
8/18/2022,soybeans,,401,1,Opiliones ,na,na,juvenile ,,,
8/18/2022,soybeans,,401,1,Opiliones ,na,na,juvenile ,,,
8/18/2022,soybeans,,401,1,Opiliones ,na,na,juvenile ,,,
8/18/2022,soybeans,,401,1,Carabidae ,Pterostichus ,na,adult,,,
8/18/2022,soybeans,,401,1,Carabidae ,Pterostichus ,na,adult,,,
8/18/2022,soybeans,,401,1,Carabidae ,Pterostichus ,na,adult,,,
8/18/2022,soybeans,,401,2,Carabidae ,Pterostichus ,na,adult,,,
8/18/2022,soybeans,,401,2,Carabidae ,Pterostichus ,na,adult,,,
8/18/2022,soybeans,,401,2,Carabidae ,Pterostichus ,na,adult,,,
8/18/2022,soybeans,,401,2,Carabidae ,Pterostichus ,na,adult,,,
8/18/2022,soybeans,,401,2,Carabidae ,Pterostichus ,na,adult,,,
8/18/2022,soybeans,,401,2,Carabidae ,Pterostichus ,na,adult,,,
8/18/2022,soybeans,,401,2,Opiliones ,na,na,juvenile,,,
8/18/2022,soybeans,,402,1,Carabidae ,Pterostichus ,na,adult,,,
8/18/2022,soybeans,,402,1,Carabidae ,Pterostichus ,na,adult,,,
8/18/2022,soybeans,,402,1,Carabidae ,Pterostichus ,na,adult,,,
8/18/2022,soybeans,,402,1,Carabidae ,Pterostichus ,na,adult,,,
8/18/2022,soybeans,,402,1,Carabidae ,Pterostichus ,na,adult,,,
8/18/2022,soybeans,,402,1,Carabidae ,Pterostichus ,na,adult,,,
8/18/2022,soybeans,,402,1,Opiliones ,na,na,adult,,,
8/18/2022,soybeans,,402,2,Carabidae ,Pterostichus ,na,adult,,,
8/18/2022,soybeans,,402,2,Carabidae ,Pterostichus ,na,adult,,,
8/18/2022,soybeans,,402,2,Carabidae ,Pterostichus ,na,adult,,,
8/18/2022,soybeans,,402,2,Carabidae ,Pterostichus ,na,adult,,,
8/18/2022,soybeans,,402,2,Carabidae ,Pterostichus ,na,adult,,,
8/18/2022,soybeans,,402,2,Carabidae ,Pterostichus ,na,adult,,,
8/18/2022,soybeans,,402,2,Carabidae ,Pterostichus ,na,adult,,,
8/18/2022,soybeans,,402,2,Carabidae ,Pterostichus ,na,adult,,,
8/18/2022,soybeans,,402,2,Carabidae ,Pterostichus ,na,adult,,,
8/18/2022,soybeans,,402,2,Carabidae ,Pterostichus ,na,adult,,,
8/18/2022,soybeans,,402,2,Carabidae ,Pterostichus ,na,adult,,,
8/18/2022,soybeans,,402,2,Carabidae ,Pterostichus ,na,adult,,,
8/18/2022,soybeans,,402,2,Lycosidae ,na,na,adult,,,
8/18/2022,soybeans,,402,2,Opiliones ,na,na,juvenile ,,,
8/18/2022,soybeans,,402,2,Opiliones ,na,na,juvenile ,,,
8/18/2022,soybeans,,402,2,Opiliones ,na,na,juvenile ,,,
8/18/2022,soybeans,,402,2,Opiliones ,na,na,juvenile ,,,
8/18/2022,soybeans,,402,2,Opiliones ,na,na,juvenile ,,,
8/18/2022,soybeans,,403,1,Opiliones ,na,na,juvenile,,,
8/18/2022,soybeans,,403,1,Opiliones ,na,na,adult,,,
8/18/2022,soybeans,,403,1,Carabidae ,Pterostichus ,na,adult,,,
8/18/2022,soybeans,,403,1,Carabidae ,Pterostichus ,na,adult,,,
8/18/2022,soybeans,,403,1,Carabidae ,Pterostichus ,na,adult,,,
8/18/2022,soybeans,,403,1,Carabidae ,Pterostichus ,na,adult,,,
8/18/2022,soybeans,,403,1,Carabidae ,Pterostichus ,na,adult,,,
8/18/2022,soybeans,,403,1,Carabidae ,Pterostichus ,na,adult,,,
8/18/2022,soybeans,,403,1,Carabidae ,Pterostichus ,na,adult,,,
8/18/2022,soybeans,,403,1,Carabidae ,Pterostichus ,na,adult,,,
8/18/2022,soybeans,,403,1,Carabidae ,Pterostichus ,na,adult,,,
8/18/2022,soybeans,,403,1,Carabidae ,Pterostichus ,na,adult,,,
8/18/2022,soybeans,,403,1,Carabidae ,Pterostichus ,na,adult,,,
8/18/2022,soybeans,,403,1,Carabidae ,Pterostichus ,na,adult,,,
8/18/2022,soybeans,,403,1,Carabidae ,Pterostichus ,na,adult,,,
8/18/2022,soybeans,,403,1,Carabidae ,Pterostichus ,na,adult,,,
8/18/2022,soybeans,,403,1,Carabidae ,Pterostichus ,na,adult,,,
8/18/2022,soybeans,,403,1,Linyphiidae ,na,na,adult,,,
8/18/2022,soybeans,,403,1,Lycosidae ,Pardosa ,na,adult,,,
8/18/2022,soybeans,,403,1,Lycosidae ,Pardosa ,na,adult,,,
8/18/2022,soybeans,,403,1,Lycosidae ,na,na,juvenile,,,
8/18/2022,soybeans,,403,1,Lycosidae ,na,na,juvenile ,,,
8/18/2022,soybeans,,403,2,Opiliones ,na,na,juvenile,,,
8/18/2022,soybeans,,403,2,Opiliones ,na,na,juvenile,,,
8/18/2022,soybeans,,403,2,Opiliones ,na,na,juvenile,,,
8/18/2022,soybeans,,403,2,Opiliones ,na,na,juvenile,,,
8/18/2022,soybeans,,403,2,Opiliones ,na,na,juvenile,,,
8/18/2022,soybeans,,403,2,Opiliones ,na,na,juvenile,,,
8/18/2022,soybeans,,403,2,Carabidae ,Pterostichus ,na,adult,,,
8/18/2022,soybeans,,403,2,Carabidae ,Pterostichus ,na,adult,,,
8/18/2022,soybeans,,403,2,Carabidae ,Pterostichus ,na,adult,,,
8/18/2022,soybeans,,403,2,Carabidae ,Pterostichus ,na,adult,,,
8/18/2022,soybeans,,403,2,Lycosidae ,Pardosa ,na,adult,,,
8/18/2022,soybeans,,403,2,Lycosidae ,Pardosa ,na,adult,,,
8/18/2022,soybeans,,404,1,Carabidae ,Pterostichus ,na,adult,,,
8/18/2022,soybeans,,404,1,Carabidae ,Pterostichus ,na,adult,,,
8/18/2022,soybeans,,404,1,Carabidae ,Pterostichus ,na,adult,,,
8/18/2022,soybeans,,404,1,Carabidae ,Pterostichus ,na,adult,,,
8/18/2022,soybeans,,404,1,Carabidae ,Pterostichus ,na,adult,,,
8/18/2022,soybeans,,404,1,Carabidae ,Pterostichus ,na,adult,,,
8/18/2022,soybeans,,404,1,Carabidae ,Pterostichus ,na,adult,,,
8/18/2022,soybeans,,404,1,Carabidae ,Pterostichus ,na,adult,,,
8/18/2022,soybeans,,404,1,Carabidae ,Pterostichus ,na,adult,,,
8/18/2022,soybeans,,404,2,Lycosidae ,Pardosa ,na,adult,,,
8/18/2022,soybeans,,404,2,Carabidae ,Chlaenius ,tricolor ,adult,,,
8/18/2022,soybeans,,404,2,Carabidae ,Pterostichus ,na,adult,,,
8/18/2022,soybeans,,404,2,Carabidae ,Pterostichus ,na,adult,,,
8/18/2022,soybeans,,404,2,Carabidae ,Pterostichus ,na,adult,,,
8/18/2022,soybeans,,404,2,Carabidae ,Pterostichus ,na,adult,,,
8/18/2022,soybeans,,404,2,Carabidae ,Pterostichus ,na,adult,,,
8/18/2022,soybeans,,404,2,Carabidae ,Pterostichus ,na,adult,,,
8/18/2022,soybeans,,404,2,Carabidae ,Pterostichus ,na,adult,,,
8/18/2022,soybeans,,404,2,Carabidae ,Pterostichus ,na,adult,,,
8/18/2022,soybeans,,501,1,Carabidae ,Pterostichus ,na,adult,,,
8/19/2022,soybeans,,501,1,Carabidae ,Pterostichus ,na,adult,,,
8/20/2022,soybeans,,501,1,Carabidae ,Pterostichus ,na,adult,,,
8/21/2022,soybeans,,501,1,Carabidae ,Pterostichus ,na,adult,,,
8/22/2022,soybeans,,501,1,Carabidae ,Pterostichus ,na,adult,,,
8/23/2022,soybeans,,501,1,Carabidae ,Pterostichus ,na,adult,,,
8/24/2022,soybeans,,501,1,Carabidae ,Pterostichus ,na,adult,,,
8/25/2022,soybeans,,501,1,Opiliones ,na,na,juvenile ,,,
8/26/2022,soybeans,,501,1,Opiliones ,na,na,juvenile ,,,
8/27/2022,soybeans,,501,1,Opiliones ,na,na,juvenile ,,,
8/28/2022,soybeans,,501,1,Opiliones ,na,na,juvenile ,,,
8/29/2022,soybeans,,501,1,Opiliones ,na,na,juvenile ,,,
8/30/2022,soybeans,,501,1,Opiliones ,na,na,adult,,,
8/18/2022,soybeans,,501,2,Opiliones ,na,na,adult,,,
8/18/2022,soybeans,,501,2,Lycosidae ,na,na,juvenile,,,
8/18/2022,soybeans,,502,1,Linyphiidae ,na,na,adult,,,
8/18/2022,soybeans,,502,1,Linyphiidae ,na,na,adult,,,
8/18/2022,soybeans,,502,1,Linyphiidae ,na,na,adult,,,
8/18/2022,soybeans,,502,1,Carabidae ,Pterostichus ,na,adult,,,
8/18/2022,soybeans,,502,1,Opiliones ,na,na,juvenile,,,
8/18/2022,soybeans,,502,1,Opiliones ,na,na,juvenile,,,
8/18/2022,soybeans,,502,1,Opiliones ,na,na,juvenile,,,
8/18/2022,soybeans,,502,1,Opiliones ,na,na,juvenile,,,
8/18/2022,soybeans,,502,1,Opiliones ,na,na,juvenile,,,
8/18/2022,soybeans,,502,1,Opiliones ,na,na,juvenile,,,
8/18/2022,soybeans,,502,1,Opiliones ,na,na,adult,,,
8/18/2022,soybeans,,502,2,Carabidae ,Pterostichus ,na,adult,,,
8/18/2022,soybeans,,502,2,Carabidae ,Pterostichus ,na,adult,,,
8/18/2022,soybeans,,502,2,Carabidae ,Pterostichus ,na,adult,,,
8/18/2022,soybeans,,502,2,Carabidae ,Pterostichus ,na,adult,,,
8/18/2022,soybeans,,502,2,Carabidae ,Pterostichus ,na,adult,,,
8/18/2022,soybeans,,502,2,Opiliones ,na,na,adult,,,
8/18/2022,soybeans,,502,2,Opiliones ,na,na,adult,,,
8/18/2022,soybeans,,502,2,Opiliones ,na,na,juvenile ,,,
8/18/2022,soybeans,,502,2,Opiliones ,na,na,juvenile ,,,
8/18/2022,soybeans,,502,2,Opiliones ,na,na,juvenile ,,,
8/18/2022,soybeans,,502,2,Opiliones ,na,na,juvenile ,,,
8/18/2022,soybeans,,502,2,Lycosidae ,Schizocosa,na,adult,,,
8/18/2022,soybeans,,502,2,Lycosidae ,Pardosa ,na,adult,,,
8/18/2022,soybeans,,502,2,Carabidae ,Stenolophus,na,adult ,,,
8/18/2022,soybeans,,502,2,Lycosidae ,na,na,juvenile ,,,
8/18/2022,soybeans,,502,2,Lycosidae ,na,na,juvenile ,,,
8/18/2022,soybeans,,502,2,Lycosidae ,na,na,juvenile ,,,
8/18/2022,soybeans,,502,2,Lycosidae ,na,na,juvenile ,,,
8/18/2022,soybeans,,502,2,Lycosidae ,na,na,juvenile ,,,
8/18/2022,soybeans,,502,2,Lycosidae ,na,na,juvenile ,,,
8/18/2022,soybeans,,502,2,Lycosidae ,na,na,juvenile ,,,
8/18/2022,soybeans,,502,2,Lycosidae ,na,na,juvenile ,,,
8/18/2022,soybeans,,502,2,Lycosidae ,na,na,juvenile ,,,
8/18/2022,soybeans,,502,2,Lycosidae ,na,na,juvenile ,,,
8/18/2022,soybeans,,502,2,Lycosidae ,na,na,juvenile ,,,
8/18/2022,soybeans,,502,2,Lycosidae ,na,na,juvenile ,,,
8/18/2022,soybeans,,502,2,Lycosidae ,na,na,juvenile ,,,
8/18/2022,soybeans,,502,2,Lycosidae ,na,na,juvenile ,,,
8/18/2022,soybeans,,502,2,Lycosidae ,na,na,juvenile ,,,
8/18/2022,soybeans,,502,2,Lycosidae ,na,na,juvenile ,,,
8/18/2022,soybeans,,502,2,Lycosidae ,na,na,juvenile ,,,
8/18/2022,soybeans,,502,2,Lycosidae ,na,na,juvenile ,,,
8/18/2022,soybeans,,502,2,Lycosidae ,na,na,juvenile ,,,
8/18/2022,soybeans,,502,2,Lycosidae ,na,na,juvenile ,,,
8/18/2022,soybeans,,502,2,Lycosidae ,na,na,juvenile ,,,
8/18/2022,soybeans,,502,2,Lycosidae ,na,na,juvenile ,,,
8/18/2022,soybeans,,502,2,Lycosidae ,na,na,juvenile ,,,
8/18/2022,soybeans,,502,2,Lycosidae ,na,na,juvenile ,,,
8/18/2022,soybeans,,502,2,Lycosidae ,na,na,juvenile ,,,
8/18/2022,soybeans,,502,2,Lycosidae ,na,na,juvenile ,,,
8/18/2022,soybeans,,502,2,Lycosidae ,na,na,juvenile ,,,
8/18/2022,soybeans,,502,2,Lycosidae ,na,na,juvenile ,,,
8/18/2022,soybeans,,502,2,Lycosidae ,na,na,juvenile ,,,
8/18/2022,soybeans,,502,2,Lycosidae ,na,na,juvenile ,,,
8/18/2022,soybeans,,502,2,Lycosidae ,na,na,juvenile ,,,
8/18/2022,soybeans,,502,2,Lycosidae ,na,na,juvenile ,,,
8/18/2022,soybeans,,502,2,Lycosidae ,na,na,juvenile ,,,
8/18/2022,soybeans,,502,2,Lycosidae ,na,na,juvenile ,,,
8/18/2022,soybeans,,502,2,Lycosidae ,na,na,juvenile ,,,
8/18/2022,soybeans,,502,2,Lycosidae ,na,na,juvenile ,,,
8/18/2022,soybeans,,502,2,Lycosidae ,na,na,juvenile ,,,
8/18/2022,soybeans,,502,2,Lycosidae ,na,na,juvenile ,,,
8/18/2022,soybeans,,502,2,Lycosidae ,na,na,juvenile ,,,
8/18/2022,soybeans,,502,2,Lycosidae ,na,na,juvenile ,,,
8/18/2022,soybeans,,502,2,Lycosidae ,na,na,juvenile ,,,
8/18/2022,soybeans,,502,2,Lycosidae ,na,na,juvenile ,,,
8/18/2022,soybeans,,502,2,Lycosidae ,na,na,juvenile ,,,
8/18/2022,soybeans,,502,2,Lycosidae ,na,na,juvenile ,,,
8/18/2022,soybeans,,502,2,Lycosidae ,na,na,juvenile ,,,
8/18/2022,soybeans,,502,2,Lycosidae ,na,na,juvenile ,,,
8/18/2022,soybeans,,502,2,Lycosidae ,na,na,juvenile ,,,
8/18/2022,soybeans,,502,2,Lycosidae ,na,na,juvenile ,,,
8/18/2022,soybeans,,502,2,Lycosidae ,na,na,juvenile ,,,
8/18/2022,soybeans,,502,2,Lycosidae ,na,na,juvenile ,,,
8/18/2022,soybeans,,502,2,Lycosidae ,na,na,juvenile ,,,
8/18/2022,soybeans,,502,2,Lycosidae ,na,na,juvenile ,,,
8/18/2022,soybeans,,502,2,Lycosidae ,na,na,juvenile ,,,
8/18/2022,soybeans,,502,2,Lycosidae ,na,na,juvenile ,,,
8/18/2022,soybeans,,502,2,Lycosidae ,na,na,juvenile ,,,
8/18/2022,soybeans,,502,2,Lycosidae ,na,na,juvenile ,,,
8/18/2022,soybeans,,502,2,Lycosidae ,na,na,juvenile ,,,
8/18/2022,soybeans,,502,2,Lycosidae ,na,na,juvenile ,,,
8/18/2022,soybeans,,502,2,Lycosidae ,na,na,juvenile ,,,
8/18/2022,soybeans,,502,2,Lycosidae ,na,na,juvenile ,,,
8/18/2022,soybeans,,502,2,Lycosidae ,na,na,juvenile ,,,
8/18/2022,soybeans,,502,2,Lycosidae ,na,na,juvenile ,,,
8/18/2022,soybeans,,502,2,Lycosidae ,na,na,juvenile ,,,
8/18/2022,soybeans,,502,2,Lycosidae ,na,na,juvenile ,,,
8/18/2022,soybeans,,502,2,Lycosidae ,na,na,juvenile ,,,
8/18/2022,soybeans,,502,2,Lycosidae ,na,na,juvenile ,,,
8/18/2022,soybeans,,502,2,Lycosidae ,na,na,juvenile ,,,
8/18/2022,soybeans,,502,2,Lycosidae ,na,na,juvenile ,,,
8/18/2022,soybeans,,502,2,Lycosidae ,na,na,juvenile ,,,
8/18/2022,soybeans,,502,2,Lycosidae ,na,na,juvenile ,,,
8/18/2022,soybeans,,502,2,Lycosidae ,na,na,juvenile ,,,
8/18/2022,soybeans,,502,2,Lycosidae ,na,na,juvenile ,,,
8/18/2022,soybeans,,502,2,Lycosidae ,na,na,juvenile ,,,
8/18/2022,soybeans,,502,2,Lycosidae ,na,na,juvenile ,,,
8/18/2022,soybeans,,502,2,Lycosidae ,na,na,juvenile ,,,
8/18/2022,soybeans,,502,2,Lycosidae ,na,na,juvenile ,,,
8/18/2022,soybeans,,502,2,Lycosidae ,na,na,juvenile ,,,
8/18/2022,soybeans,,502,2,Lycosidae ,na,na,juvenile ,,,
8/18/2022,soybeans,,502,2,Lycosidae ,na,na,juvenile ,,,
8/18/2022,soybeans,,502,2,Lycosidae ,na,na,juvenile ,,,
8/18/2022,soybeans,,502,2,Lycosidae ,na,na,juvenile ,,,
8/18/2022,soybeans,,502,2,Lycosidae ,na,na,juvenile ,,,
8/18/2022,soybeans,,502,2,Lycosidae ,na,na,juvenile ,,,
8/18/2022,soybeans,,502,2,Lycosidae ,na,na,juvenile ,,,
8/18/2022,soybeans,,502,2,Lycosidae ,na,na,juvenile ,,,
8/18/2022,soybeans,,502,2,Lycosidae ,na,na,juvenile ,,,
8/18/2022,soybeans,,502,2,Lycosidae ,na,na,juvenile ,,,
8/18/2022,soybeans,,502,2,Lycosidae ,na,na,juvenile ,,,
8/18/2022,soybeans,,502,2,Lycosidae ,na,na,juvenile ,,,
8/18/2022,soybeans,,502,2,Lycosidae ,na,na,juvenile ,,,
8/18/2022,soybeans,,503,1,Lycosidae ,Pardosa ,na,adult,,,
8/18/2022,soybeans,,503,1,Lycosidae ,Pardosa ,na,adult,,,
8/18/2022,soybeans,,503,1,Opiliones ,na,na,juvenile,,,
8/18/2022,soybeans,,503,1,Carabidae ,Poecilus ,lucublandus ,adult,,,
8/18/2022,soybeans,,503,1,Carabidae ,Pterostichus ,na,adult,,,
8/18/2022,soybeans,,503,1,Carabidae ,Pterostichus ,na,adult,,,
8/18/2022,soybeans,,503,1,Carabidae ,Pterostichus ,na,adult,,,
8/18/2022,soybeans,,503,1,Carabidae ,Pterostichus ,na,adult,,,
8/18/2022,soybeans,,503,1,Carabidae ,Pterostichus ,na,adult,,,
8/18/2022,soybeans,,503,1,Carabidae ,Pterostichus ,na,adult,,,
8/18/2022,soybeans,,503,7,Opiliones ,na,na,juvenile,,,
8/18/2022,soybeans,,503,7,Opiliones ,na,na,juvenile,,,
8/18/2022,soybeans,,503,7,Opiliones ,na,na,juvenile,,,
8/18/2022,soybeans,,503,7,Carabidae ,Pterostichus ,na,adult,,,
8/18/2022,soybeans,,503,7,Carabidae ,Pterostichus ,na,adult,,,
8/18/2022,soybeans,,503,7,Carabidae ,Pterostichus ,na,adult,,,
8/18/2022,soybeans,,503,7,Carabidae ,Pterostichus ,na,adult,,,
8/18/2022,soybeans,,503,7,Carabidae ,Pterostichus ,na,adult,,,
8/18/2022,soybeans,,503,7,Carabidae ,Pterostichus ,na,adult,,,
8/18/2022,soybeans,,503,7,Carabidae ,Pterostichus ,na,adult,,,
8/18/2022,soybeans,,503,7,Carabidae ,Pterostichus ,na,adult,,,
8/18/2022,soybeans,,504,1,Lycosidae ,Pardosa ,na,adult,,,
8/18/2022,soybeans,,504,1,Lycosidae ,na,na,juvenile,,,
8/18/2022,soybeans,,504,1,Lycosidae ,na,na,juvenile,,,
8/18/2022,soybeans,,504,1,Lycosidae ,na,na,juvenile,,,
8/18/2022,soybeans,,504,1,Lycosidae ,na,na,juvenile,,,
8/18/2022,soybeans,,504,1,Lycosidae ,na,na,juvenile,,,
8/18/2022,soybeans,,504,1,Lycosidae ,na,na,juvenile,,,
8/18/2022,soybeans,,504,1,Lycosidae ,na,na,juvenile,,,
8/18/2022,soybeans,,504,1,Lycosidae ,na,na,juvenile,,,
8/18/2022,soybeans,,504,1,Lycosidae ,na,na,juvenile,,,
8/18/2022,soybeans,,504,1,Lycosidae ,na,na,juvenile,,,
8/18/2022,soybeans,,504,1,Lycosidae ,na,na,juvenile,,,
8/18/2022,soybeans,,504,1,Lycosidae ,na,na,juvenile,,,
8/18/2022,soybeans,,504,1,Lycosidae ,na,na,juvenile,,,
8/18/2022,soybeans,,504,1,Lycosidae ,na,na,juvenile,,,
8/18/2022,soybeans,,504,1,Lycosidae ,na,na,juvenile,,,
8/18/2022,soybeans,,504,1,Lycosidae ,na,na,juvenile,,,
8/18/2022,soybeans,,504,1,Lycosidae ,na,na,juvenile,,,
8/18/2022,soybeans,,504,1,Lycosidae ,na,na,juvenile,,,
8/18/2022,soybeans,,504,1,Lycosidae ,na,na,juvenile,,,
8/18/2022,soybeans,,504,1,Carabidae ,Pterostichus ,na,adult,,,
8/18/2022,soybeans,,504,2,Carabidae ,Pterostichus ,na,adult,,,
8/18/2022,soybeans,,504,2,Carabidae ,Pterostichus ,na,adult,,,
8/18/2022,soybeans,,504,2,Carabidae ,Pterostichus ,na,adult,,,
8/18/2022,soybeans,,504,2,Carabidae ,Pterostichus ,na,adult,,,
8/18/2022,soybeans,,504,2,Carabidae ,Pterostichus ,na,adult,,,
8/18/2022,soybeans,,504,2,Carabidae ,Chlaenius ,tricolor ,adult,,,
8/18/2022,soybeans,,504,2,Opiliones ,na,na,adult,,,
8/18/2022,soybeans,,504,2,Opiliones ,na,na,adult,,,
8/18/2022,soybeans,,504,2,Opiliones ,na,na,adult,,,
8/18/2022,soybeans,,504,2,Opiliones ,na,na,adult,,,
8/18/2022,soybeans,,504,2,Carabidae ,Stenolophus,na,adult ,,,
8/18/2022,soybeans,,504,2,Lycosidae ,Pardosa ,na,adult,,,
8/18/2022,soybeans,,504,2,Lycosidae ,Pardosa ,na,adult,,,
8/18/2022,soybeans,,504,2,Lycosidae ,Pardosa ,na,adult,,,
8/18/2022,soybeans,,504,2,Lycosidae ,Pardosa ,na,adult,,,
